Income,House Price
8.3252,4.526
8.3014,3.585
7.2574,3.521
5.6431,3.413
3.8462,3.422
4.0368,2.697
3.6591,2.992
3.12,2.414
2.0804,2.267
3.6912,2.611
3.2031,2.815
3.2705,2.418
3.075,2.135
2.6736,1.913
1.9167,1.592
2.125,1.4
2.775,1.525
2.1202,1.555
1.9911,1.587
2.6033,1.629
1.3578,1.475
1.7135,1.598
1.725,1.139
2.1806,0.997
2.6,1.326
2.4038,1.075
2.4597,0.938
1.808,1.055
1.6424,1.089
1.6875,1.32
1.9274,1.223
1.9615,1.152
1.7969,1.104
1.375,1.049
2.7303,1.097
1.4861,0.972
1.0972,1.045
1.4103,1.039
3.48,1.914
2.5898,1.76
2.0978,1.554
1.2852,1.5
1.025,1.188
3.9643,1.888
3.0125,1.844
2.6768,1.823
2.026,1.425
1.7348,1.375
0.9506,1.875
1.775,1.125
0.9218,1.719
1.5045,0.938
1.1108,0.975
1.2475,1.042
1.6098,0.875
1.4113,0.831
1.5057,0.875
0.8172,0.853
1.2171,0.803
2.5625,0.6
3.3929,0.757
6.1183,0.75
0.9011,0.861
1.191,0.761
2.5938,0.735
1.1667,0.784
0.8056,0.844
2.6094,0.813
1.8516,0.85
0.9802,1.292
1.7719,0.825
0.7286,0.952
1.75,0.75
0.4999,0.675
2.483,1.375
0.9241,1.775
2.4464,1.021
1.1111,1.083
0.8026,1.125
2.0114,1.313
1.5,1.625
1.1667,1.125
1.5208,1.125
0.8075,1.375
1.8088,1.188
2.4083,0.982
0.977,1.188
0.76,1.625
0.9722,1.375
1.2434,5.00001
2.0938,1.625
0.8668,1.375
0.75,1.625
2.6354,1.875
1.8477,1.792
2.0096,1.3
2.8345,1.838
2.0062,1.25
1.2185,1.7
2.6104,1.931
2.4912,2.578
3.2177,2.734
3.125,2.375
2.5795,3.5
2.8406,3.357
4.9306,3.134
3.2727,2.685
3.1691,2.594
3.9,2.757
3.9063,2.25
5.0917,2.625
2.6429,2.185
3.0233,2.55
3.1484,2.241
3.4722,2.431
3.1429,2.316
2.4234,2.185
3.0897,2.341
5.8596,3.276
5.2868,3.476
5.956,3.661
4.9643,3.35
6.3434,3.736
5.1773,3.895
7.2354,3.911
5.457,3.373
7.5,2.952
6.0194,2.923
7.5544,4.115
6.0666,3.115
7.0548,3.259
11.6017,3.926
7.4882,3.193
6.8976,3.333
8.2049,3.352
8.401,3.512
6.8538,3.689
8.317,3.659
7.0175,3.667
6.3302,3.628
6.3624,4.833
7.0549,3.314
6.7851,3.235
2.8929,2.167
3.0812,2.331
5.2402,2.964
6.5217,2.737
3.2632,2.277
3.0298,1.996
4.5428,2.398
4.072,2.701
5.3509,3.021
3.1603,2.695
4.7708,3.147
8.1564,3.901
8.8793,4.103
6.8591,3.524
6.0302,2.873
7.508,3.487
2.7477,2.438
2.1944,2.115
3.0149,2.184
3.675,2.699
3.225,2.188
2.9345,2.25
2.1429,2.5
1.6121,1.714
1.3929,1.938
2.3173,1.25
1.7772,0.975
2.6458,1.25
2.181,1.388
2.2303,1.167
1.6504,1.518
2.2697,1.27
2.1563,1.286
2.1348,1.406
2.6292,1.827
2.3833,1.469
2.957,1.228
2.5238,1.693
1.9375,1.266
1.9028,1.279
2.25,1.235
2.3929,1.119
2.1917,1.128
2.9357,1.079
1.8854,1.375
2.1638,1.055
2.125,0.955
3.375,1.161
2.2542,1.122
2.1,0.75
1.6,1.125
3.625,1.25
1.6929,1.15
1.6471,0.95
2.59,0.964
2.57,0.72
2.6429,0.713
3.0257,0.808
1.4886,1.288
1.9338,1.125
1.4844,1.194
1.6009,1.181
2.0375,1.225
2.293,1.063
2.1494,1.325
1.6198,1.227
1.3281,1.133
3.5156,1.095
3.9048,1.647
3.0893,1.25
2.6042,1.247
2.5,1.367
2.7969,1.417
2.8321,1.5
2.9583,1.388
2.8365,1.392
2.875,1.438
3.0682,1.565
3.0757,1.51
4.9559,2.73
4.7721,2.171
3.4861,1.871
5.1184,2.396
4.0977,2.297
4.744,2.573
4.2727,2.469
2.9844,1.799
4.1739,1.696
3.8487,2.033
4.0114,2.634
4.6563,2.318
2.9297,1.405
2.3036,1.26
2.6667,1.22
2.619,1.347
2.4167,1.394
2.7788,1.154
2.7352,1.373
1.8472,1.37
2.6583,1.426
3.0536,1.375
2.3906,1.117
1.7188,1.268
2.625,1.113
2.8015,1.148
1.7276,1.023
2.0801,1.319
2.489,1.191
1.7546,0.806
4.0904,0.806
2.6765,0.888
2.4338,1.024
2.3309,0.987
2.2604,1.0
1.8039,0.923
2.2562,0.948
2.0562,1.02
3.5398,1.584
3.1167,1.216
2.5401,1.291
2.898,1.214
2.3125,1.028
2.875,1.6
3.3715,1.439
3.5114,1.512
4.3125,1.644
3.22,1.565
3.875,2.25
5.2328,1.742
3.7262,1.669
4.5893,1.635
5.2578,2.53
7.0875,2.407
3.9712,2.081
2.9514,1.981
2.6667,1.728
5.4446,3.367
6.2838,3.182
6.7527,2.858
7.0712,2.93
5.9849,3.71
3.6875,1.573
2.875,1.353
3.4205,1.367
3.2984,1.607
3.875,1.406
4.175,1.44
4.375,1.619
4.7708,1.563
3.5739,1.76
3.0958,1.458
3.3958,1.419
1.871,0.907
1.9356,0.906
2.1842,1.079
2.2917,1.07
2.4333,0.982
1.9479,0.895
3.9063,0.938
1.8407,0.967
2.0786,0.975
2.8125,0.973
1.8913,0.912
1.7056,0.914
2.2768,0.962
3.2552,1.201
2.0556,1.0
2.4659,0.947
1.75,0.857
2.0469,0.893
2.7159,1.014
1.2083,0.725
1.925,0.741
1.5809,0.7
1.4097,0.846
0.7683,0.818
1.3194,0.814
0.8012,0.818
1.9479,0.858
1.1765,0.871
2.3456,0.835
2.1538,0.797
2.5139,0.834
1.2625,0.847
2.9063,0.8
2.5192,0.764
2.1111,0.797
2.455,0.824
2.4028,0.977
2.15,0.972
2.4776,1.016
2.1587,0.865
1.8438,0.905
3.0298,1.076
2.25,0.842
2.2467,0.889
4.0469,0.807
1.325,0.871
1.6196,0.851
2.1731,0.82
1.9167,0.828
2.069,0.846
1.712,0.821
2.5625,0.893
1.9821,0.983
2.5043,0.923
2.3281,0.888
1.4375,0.9
2.5122,0.955
1.5625,0.917
3.1587,1.004
1.8426,0.948
4.6696,1.643
2.4598,1.555
6.0749,1.969
4.8304,2.791
5.5701,2.528
5.37,2.754
6.86,2.5
7.6923,3.298
4.0313,1.955
6.8323,2.559
4.975,3.111
5.3602,3.3
5.0,2.489
2.925,1.429
3.8913,1.263
3.225,1.358
3.1458,1.306
2.537,1.079
2.5568,1.111
3.5083,1.22
3.3125,1.18
1.8235,0.952
3.8047,0.943
2.2917,0.925
2.4962,0.918
4.0417,1.094
3.4844,1.295
4.1458,1.434
2.625,0.982
2.0227,1.031
3.3333,2.768
5.338,2.709
3.4732,2.462
3.5125,2.242
3.1375,2.291
2.8036,2.116
4.5824,2.561
3.0208,2.063
4.0875,2.213
4.5268,2.074
1.7375,3.5
3.1795,2.182
3.8672,2.167
5.1675,2.706
5.1696,2.614
4.2614,2.613
5.0551,2.322
5.6228,3.754
7.8864,3.573
7.9556,3.744
6.174,3.588
6.9414,4.175
8.8342,4.305
7.1754,3.629
10.0825,3.97
4.9083,3.468
5.7912,3.271
4.5893,2.901
5.4171,2.92
4.125,2.709
7.266,3.711
5.3989,3.356
7.8336,3.713
6.1593,3.44
6.381,3.422
6.6828,3.709
7.5385,3.5
6.7138,3.686
6.2425,3.918
5.7979,4.153
4.2813,2.849
3.5417,2.875
3.0132,2.729
4.1429,2.596
4.1912,2.545
3.9167,2.356
3.8897,2.184
3.1065,2.292
2.9926,1.921
3.556,1.793
1.475,1.875
1.6971,1.388
2.1705,1.5
2.75,1.406
2.5682,1.2
2.9,1.448
2.2208,1.448
3.2344,2.455
3.5156,2.0
1.9805,1.737
2.6684,1.856
3.875,1.826
3.006,2.279
2.543,2.207
2.8676,2.12
2.1907,2.714
1.7778,2.688
2.52,2.778
4.2788,3.325
2.944,3.389
1.725,2.875
5.2289,3.846
2.5562,3.714
0.949,3.5
1.1696,5.00001
1.4012,1.75
1.1859,2.417
1.7464,2.167
2.8846,2.113
2.7372,2.102
3.8594,1.964
3.5625,1.917
2.2788,1.823
2.537,1.75
2.525,1.659
1.9946,1.569
2.8214,1.643
2.6165,1.5
1.9483,1.505
1.9327,1.699
1.9798,1.474
2.4167,1.527
2.5417,1.827
3.3906,1.793
2.5652,1.577
2.2845,1.531
2.6071,2.5
3.15,2.063
2.6914,2.188
1.8447,1.982
1.6307,2.536
2.9044,2.574
2.9405,2.895
3.3893,2.417
3.0417,4.896
7.0897,4.462
5.0463,4.563
1.7652,3.368
7.8521,5.00001
9.3959,5.00001
5.3794,3.769
3.2619,3.096
2.7054,1.823
2.2431,1.727
1.9028,1.508
1.5817,1.536
2.2841,1.063
1.3785,1.423
2.9018,1.194
1.73,1.479
2.2625,1.329
2.2106,1.325
2.6997,1.269
4.0018,1.438
7.8772,5.00001
11.8603,5.00001
13.499,5.00001
12.2138,5.00001
8.1872,4.661
12.3804,5.00001
5.8948,4.578
8.1194,4.716
8.7477,5.00001
6.155,3.986
5.883,3.407
5.2128,2.899
4.7188,3.353
5.2915,3.33
2.6411,2.41
3.3214,1.896
3.6417,2.063
3.0161,2.157
3.1771,2.102
3.4531,2.088
4.3098,1.979
3.3438,2.013
2.9213,1.908
2.6806,2.079
3.7708,2.153
3.9444,2.129
5.2601,2.927
2.5444,2.75
2.6447,2.0
2.5762,1.734
1.9427,1.022
2.9688,2.208
3.75,2.428
5.1702,2.654
2.5139,2.19
2.9732,2.821
5.5337,3.72
4.1667,2.258
2.7115,2.208
3.3269,2.345
3.2685,2.542
4.7778,3.518
4.226,2.75
3.3571,4.054
2.9899,2.281
2.875,2.34
2.3882,1.625
2.975,2.434
5.1039,2.738
4.1458,2.485
3.4762,2.44
2.6833,2.409
5.75,3.063
3.9632,2.4
4.9489,2.471
4.8711,2.866
3.0718,2.667
3.6719,2.298
4.6094,2.293
4.5213,2.284
4.4562,2.062
7.611,3.507
3.2689,2.31
3.567,2.529
3.6875,3.539
4.7695,2.917
3.1972,1.0
7.2634,3.416
7.0568,4.125
4.635,2.486
5.3015,2.549
4.9801,2.415
5.4834,2.952
6.187,3.404
5.6194,2.747
5.4639,2.386
5.1498,2.664
5.8382,3.302
4.65,2.068
4.3819,2.092
3.7222,1.958
5.2855,2.535
4.3375,2.418
5.2131,2.525
6.005,2.639
5.0519,2.27
4.8237,2.209
5.2497,2.593
4.125,2.325
4.6005,2.316
3.5187,2.094
3.0,2.232
3.4934,2.099
2.9861,2.082
2.5362,2.038
3.3021,1.957
3.0964,1.905
2.8512,1.81
3.3478,1.849
2.3958,1.908
3.5295,2.422
4.8036,1.883
3.851,1.835
4.0662,2.042
4.6042,2.519
2.2,1.875
4.1164,1.982
3.95,2.19
4.9135,2.75
2.8355,2.454
3.25,1.775
2.8301,1.716
3.7159,1.833
2.5625,1.75
3.8047,1.567
3.375,1.575
3.244,1.798
4.0268,2.055
3.3906,1.789
5.5461,2.625
3.371,1.65
3.5313,1.597
3.663,1.583
2.875,1.448
4.0202,1.663
4.5553,1.91
3.4643,1.75
3.3431,1.375
2.1898,1.417
2.9097,2.109
3.375,1.983
2.8125,1.574
5.0,2.647
3.0673,2.184
3.8125,2.351
6.9096,3.418
7.912,3.673
3.8393,2.435
4.0,1.679
6.5095,3.712
3.5156,2.189
2.983,2.027
3.524,1.862
3.1103,1.889
3.5781,1.8
3.1682,2.027
2.6101,1.817
3.6932,1.668
3.4583,1.837
3.9032,2.18
4.0208,1.915
3.5547,1.947
4.5859,1.872
2.6321,2.231
3.395,2.713
3.9702,1.941
5.0043,1.904
4.4659,1.891
3.6625,1.846
3.8864,1.973
3.4583,1.926
3.7813,1.922
2.9917,1.946
4.4375,1.935
4.0,2.026
2.3869,0.833
4.7609,2.126
5.4858,1.878
4.3971,2.057
4.0109,1.929
4.3864,2.052
4.2841,2.134
5.1312,1.836
2.9958,1.784
3.6364,2.192
2.7955,1.831
2.9507,1.571
3.4375,1.578
2.875,1.617
3.0345,1.521
2.679,1.449
2.9922,1.799
4.1042,1.791
2.5833,1.599
2.1552,1.614
2.3274,1.704
2.4206,1.375
3.9063,1.784
2.6464,1.552
3.4643,1.609
2.3973,1.673
6.5,3.4
6.0574,4.31
3.8958,3.011
4.7813,2.419
3.2829,1.625
5.3169,2.992
6.2579,3.155
5.1701,2.168
3.25,2.181
3.1796,1.703
2.4196,2.75
2.6563,1.841
0.9637,1.6
2.3357,1.75
3.5114,1.975
3.3125,1.5
2.4042,2.056
2.8322,1.703
2.5156,1.909
3.4032,1.969
2.535,1.74
2.5772,1.702
3.0962,1.809
2.9564,1.505
3.125,1.671
2.95,1.489
4.38,1.964
4.0417,1.911
3.8,1.875
3.4839,1.806
4.0588,1.828
4.1974,1.793
3.6,1.794
4.267,2.103
4.2386,1.923
5.5797,1.981
4.0682,1.962
3.1734,1.816
4.7933,1.869
4.8125,1.883
3.8676,1.84
3.9395,1.847
3.2434,1.799
3.0917,1.672
3.0645,1.654
2.7019,1.54
3.1115,1.535
3.4722,1.354
2.2222,1.583
6.1104,2.407
4.2733,1.807
3.2465,2.306
3.2417,2.108
3.875,1.653
6.0501,2.542
6.8233,3.326
6.3501,3.5
2.6719,1.612
3.875,1.793
2.5625,1.543
3.016,1.618
2.7694,1.619
3.6818,1.654
2.1382,1.666
3.7303,1.497
3.875,1.621
3.0489,1.526
2.8203,1.952
4.3897,1.906
4.7143,1.938
4.6875,2.006
3.2091,1.5
4.275,1.853
4.1302,1.727
3.09,1.741
4.5417,1.944
4.6635,2.067
4.4427,2.045
4.5303,1.75
2.375,1.375
3.8171,1.872
4.5281,1.736
4.3456,1.63
3.4861,3.316
5.2312,1.976
3.6708,1.979
3.8875,2.281
3.9167,1.895
3.9063,1.842
3.7895,1.809
3.8,1.72
5.7309,1.779
4.1141,1.731
5.2838,1.726
3.3479,1.821
3.142,1.795
3.7614,1.76
4.25,1.926
3.9338,1.827
2.5158,1.349
2.4808,1.576
4.7083,1.909
4.1652,1.582
3.5541,3.5
3.8036,1.582
3.8259,1.461
3.2331,2.267
4.7109,1.987
4.2468,2.212
6.396,2.085
3.8125,2.042
3.2857,1.932
3.8929,2.095
3.7262,1.649
4.0125,1.614
4.1719,1.87
4.2857,1.904
3.6458,1.566
2.6875,1.573
3.7292,1.681
4.5913,1.776
3.8625,2.089
3.3611,1.692
2.8971,1.639
4.0326,1.647
4.0682,1.569
5.3644,1.688
4.7019,1.741
5.64,2.065
3.7931,2.039
4.6458,2.17
3.694,1.596
2.652,1.598
3.5,1.543
3.2386,1.496
5.097,1.886
4.3875,2.385
4.625,2.353
5.0406,2.614
5.8704,2.344
5.3226,2.317
4.235,1.563
4.825,2.22
5.5218,2.544
6.5116,2.443
6.0661,2.47
6.0074,2.365
4.6211,1.514
5.225,2.137
5.3428,2.436
3.7462,2.125
4.5721,2.147
3.6923,2.132
4.6786,2.56
2.875,2.375
3.3617,1.781
5.7579,2.318
2.9706,1.479
3.9022,1.917
4.6146,2.476
5.7192,2.835
3.6832,2.169
6.2073,2.825
5.8151,2.956
5.8322,2.818
5.6277,2.698
5.2879,2.312
6.5615,3.183
5.6758,2.534
6.1047,2.782
3.5714,3.0
6.0824,2.735
4.3594,2.234
5.5737,2.145
4.8962,2.202
4.6978,2.403
4.4259,1.58
3.3008,2.242
4.5687,1.772
3.8179,2.161
5.0,2.697
4.3393,2.312
4.1387,1.625
4.8052,2.54
4.6349,1.962
3.168,1.894
3.1326,2.208
2.9074,2.138
8.3996,4.429
6.6478,3.334
6.629,3.524
6.2179,3.053
5.761,2.596
4.6641,2.489
6.7599,3.56
3.9909,2.36
4.2955,2.188
4.9615,2.28
2.6198,2.359
4.7135,2.032
4.75,1.97
5.4299,2.364
4.6,2.232
4.1947,2.227
5.388,2.25
3.9444,2.401
5.3283,2.279
4.8403,2.686
5.1616,2.751
4.9167,2.563
4.1591,3.324
5.0,2.876
5.8325,2.989
5.7057,2.876
5.0423,2.222
4.5317,2.326
5.4359,2.583
5.0824,2.309
5.2308,1.969
4.4107,2.235
5.2396,2.239
4.7478,2.435
8.4045,4.511
9.7194,5.00001
5.1643,1.931
5.3813,2.644
6.0878,2.469
6.868,3.373
6.992,2.848
4.9118,2.173
4.4357,2.917
4.9464,2.238
5.2882,2.231
5.1321,2.113
3.9667,2.185
3.1696,1.563
5.0838,2.482
4.8214,1.86
4.1406,1.782
3.7364,1.904
3.535,2.103
5.0739,2.08
3.256,1.833
6.0667,2.457
5.7072,2.422
4.9867,1.817
5.1437,2.994
5.347,2.195
5.7233,2.318
4.4697,2.213
4.9107,2.138
4.2281,2.06
5.0143,2.711
7.2494,3.365
5.1406,3.156
8.3337,5.00001
7.316,2.854
6.4994,3.23
7.2211,2.919
4.4087,2.256
5.9345,2.596
6.177,2.629
5.817,2.573
6.3132,2.592
6.3373,3.397
7.333,3.372
6.2918,3.341
6.5214,3.115
6.4524,2.969
6.0604,2.479
6.5285,3.004
7.2639,3.324
7.4353,3.898
3.1127,2.33
2.4896,2.385
5.0677,2.333
2.1187,2.313
10.9506,4.758
7.0691,3.932
5.5,2.472
4.9879,2.294
6.8132,2.825
5.6399,3.006
4.1597,2.932
5.7519,2.785
5.6417,3.529
10.3203,4.0
4.3472,3.75
6.6827,3.137
3.62,1.393
7.3588,3.275
5.7239,4.306
4.2083,1.25
6.1023,4.5
3.9864,2.002
4.8624,1.924
9.1531,4.188
4.7361,2.168
5.4324,2.155
4.9375,2.277
3.3841,1.844
3.5532,1.584
3.3618,1.746
4.3533,1.684
4.5357,1.884
5.7068,2.567
3.7212,1.838
5.2443,1.834
4.2361,1.775
3.1856,1.869
5.4496,2.389
3.0222,1.725
2.6667,1.792
3.7301,2.044
4.6806,2.094
5.7907,2.642
6.3705,3.5
5.2649,1.998
6.0797,2.11
4.8571,2.011
3.8523,1.93
5.98,2.45
2.45,1.176
2.2417,0.979
3.15,1.406
3.4609,1.209
3.0,1.19
3.2031,1.292
2.5208,0.991
2.3549,1.089
3.0125,1.117
2.05,0.689
3.125,0.964
2.65,1.167
3.5,1.238
2.5476,0.979
3.9107,1.298
4.2917,1.213
3.3393,1.072
4.3029,1.219
2.8125,1.134
3.5508,0.991
3.2589,1.03
3.2937,1.142
3.0465,1.441
2.3125,1.286
2.525,1.572
3.175,1.185
2.6078,1.167
2.7399,1.348
2.7236,1.099
4.4531,1.443
3.2135,1.236
3.1142,1.126
3.0068,1.073
3.0905,1.178
1.9362,0.899
2.3155,1.023
2.0094,0.873
3.07,1.426
1.6785,1.531
3.6625,1.266
3.5046,1.183
3.9,1.47
1.8095,0.781
2.2833,0.858
1.5633,0.845
3.4191,1.375
0.9393,0.889
1.1019,1.202
1.7284,0.745
2.2621,0.851
2.575,1.303
4.3309,1.252
3.0253,1.114
3.2016,0.97
3.1125,1.226
3.0625,1.163
2.125,1.792
2.2925,0.858
1.6797,0.948
1.5481,2.0
0.987,1.125
0.9566,0.69
1.3672,0.55
2.0064,0.779
1.6911,0.988
1.6827,0.787
1.5863,0.813
1.7426,0.603
1.5064,0.663
2.0288,1.167
4.5032,1.597
3.7007,1.392
3.5735,0.896
3.5375,1.531
2.8306,0.875
4.712,1.586
2.3833,0.951
3.0625,0.938
2.7143,0.953
3.5189,1.413
2.4028,0.675
2.3036,0.73
2.8657,1.196
2.2419,0.932
2.4537,1.179
2.5374,0.972
2.3507,0.976
2.3079,0.953
2.6147,1.077
2.567,1.029
1.625,0.883
1.4048,0.865
2.1838,0.58
1.875,0.84
2.963,0.895
2.6823,0.934
2.1912,1.152
2.0458,1.057
2.3068,0.973
2.7863,1.086
2.0882,1.049
3.1061,1.102
1.7875,1.038
2.2,0.808
2.3403,0.873
1.8245,0.855
2.5428,0.85
1.8125,0.935
3.0,0.967
2.8182,1.097
1.7788,0.858
1.0625,0.928
1.8616,0.705
2.3711,1.218
3.066,1.026
2.9625,1.012
3.13,1.683
2.4623,1.261
2.3798,0.838
1.9766,0.926
2.3958,1.112
1.6948,0.875
2.3895,0.875
2.8871,0.947
2.3684,0.625
1.4896,0.833
2.3917,0.857
1.7708,0.795
1.7308,0.536
1.5771,0.652
2.1467,0.841
2.9562,1.423
3.9028,0.938
3.0446,0.908
3.2174,0.918
2.6921,0.975
4.5156,0.912
2.4821,0.738
2.9688,0.864
2.502,0.621
2.334,0.722
2.0357,0.576
0.8024,0.583
1.1607,0.517
1.3654,0.579
1.6352,0.531
1.5714,0.561
1.9956,0.58
1.6389,0.567
2.1658,0.576
1.6346,0.633
1.8661,0.598
1.4833,0.652
0.8252,0.425
1.0585,0.451
1.3289,0.394
1.5313,0.503
1.8047,0.538
2.4952,0.539
2.2045,0.418
2.9965,0.889
3.2833,0.826
2.6563,0.636
2.0455,0.594
1.3611,0.606
2.6071,0.571
1.7727,0.49
2.3566,0.804
2.425,0.962
3.0208,0.6
2.5313,0.613
2.1776,0.738
1.9943,0.863
1.7552,0.864
2.6607,0.846
2.7891,0.735
2.3224,0.562
1.7885,0.57
1.91,0.639
2.0474,0.56
1.8355,0.63
2.3243,0.855
2.5259,0.813
2.2813,0.576
2.1728,0.594
2.4943,0.819
3.3929,0.821
2.3816,1.16
2.5,1.161
2.3654,0.949
2.9063,0.922
2.2875,0.799
2.6528,1.33
3.0,1.226
2.9821,0.904
2.0472,0.932
4.0109,1.259
3.636,1.331
3.8488,1.306
2.1382,1.04
2.5473,1.016
2.0417,0.926
2.6417,1.223
2.4583,1.125
2.6667,0.866
2.5667,0.774
2.7344,0.919
3.024,1.009
1.625,0.947
2.2604,0.848
2.8208,1.399
3.75,1.214
4.4063,1.558
2.9821,1.115
2.6942,1.235
2.5352,1.137
3.3542,1.038
3.075,1.083
3.125,0.775
2.7841,0.658
2.9489,0.675
2.2754,0.592
2.7137,0.72
3.2625,0.928
3.017,1.125
2.25,0.75
3.125,1.08
2.331,0.655
2.875,0.615
2.5625,0.627
1.7463,0.688
2.2679,0.691
2.5556,0.758
2.4559,0.75
2.1845,1.125
3.4402,1.924
3.6694,2.094
3.2619,1.838
5.0016,1.891
4.9618,1.565
5.0468,1.688
3.6411,1.628
5.1041,1.729
3.3558,1.297
4.375,2.135
1.6554,1.194
2.8828,1.311
3.8125,1.254
3.2813,1.514
4.7426,2.631
4.8958,1.871
2.2216,1.567
5.7104,1.863
4.6587,1.525
5.1017,2.414
6.9051,3.409
3.691,1.544
4.4583,2.539
2.2532,1.094
2.2361,1.051
2.2639,1.285
2.2361,0.938
2.1719,0.991
1.5988,0.964
3.4722,1.27
0.536,0.875
4.4491,1.339
3.1728,1.468
3.6118,1.247
2.7234,1.102
3.5179,1.308
5.3245,1.745
3.9861,1.681
4.8194,1.704
5.1435,1.508
5.0164,1.652
2.6364,0.935
2.8466,1.134
2.905,0.973
4.4583,1.31
4.2647,1.334
2.0411,1.0
2.5495,1.036
4.8359,1.453
4.9167,1.524
4.4853,1.459
4.7566,1.425
1.7161,0.758
3.3625,1.261
4.6029,1.426
5.6779,1.647
2.5893,1.085
5.6506,1.786
5.7321,1.647
3.5368,1.225
5.5,1.795
5.4409,2.051
4.1111,1.586
1.2024,0.902
1.3958,0.675
2.7083,0.994
2.0,1.014
2.0034,0.877
2.5737,0.87
3.3371,0.946
3.6154,1.818
3.1389,1.178
4.1947,1.403
2.7374,1.5
4.2227,1.344
5.3098,1.519
3.5857,1.652
5.25,1.617
4.1016,1.705
5.5676,1.742
4.8542,1.441
4.9783,1.639
3.0042,1.039
2.1417,1.222
4.6628,1.36
5.102,1.565
4.0972,0.992
3.5129,1.106
4.1094,1.622
6.0497,1.775
6.1237,1.66
5.3363,1.608
5.1337,1.548
4.0767,1.431
1.4871,0.871
3.016,0.953
2.1013,1.007
2.7907,1.139
3.5436,1.002
4.2067,1.25
3.4817,1.298
2.5833,0.835
3.7043,1.398
3.3661,0.985
4.8693,1.569
6.0424,1.659
2.0523,1.339
2.5795,2.25
2.9583,1.66
1.8523,1.448
4.5,1.783
2.1974,1.393
2.5481,1.508
5.1265,1.961
3.1711,1.161
3.3831,1.294
4.2042,1.664
3.9519,1.265
3.609,1.357
4.1189,1.724
3.8824,1.137
3.6523,1.597
3.625,1.563
5.2015,2.042
5.76,2.126
5.0509,1.999
5.4496,2.054
5.1297,2.067
4.3875,2.877
6.6579,2.452
6.9961,2.941
6.135,2.973
5.6875,2.11
4.675,2.254
5.6931,2.696
4.3571,2.282
6.3699,2.355
4.5401,1.669
4.0154,1.861
3.7262,2.118
5.0172,1.971
4.2917,1.896
6.0859,2.66
4.7386,1.864
4.5893,1.9
5.0672,2.43
4.8702,2.356
5.0445,1.962
3.9816,1.82
4.175,1.694
2.5459,1.793
2.5268,2.357
3.5057,2.051
2.892,2.208
5.0761,2.332
4.725,2.321
4.475,2.657
6.0265,2.479
6.1922,2.732
3.2484,0.911
3.2,1.345
4.125,1.362
6.1359,2.5
2.8043,0.875
1.8229,1.375
3.7333,1.364
2.3462,0.75
1.3894,1.563
2.3152,1.406
5.7295,1.783
4.5707,1.759
3.8897,1.399
3.6042,1.382
4.6375,1.782
4.9022,1.693
4.45,1.619
4.59,1.666
3.4531,1.489
3.5179,1.655
4.317,1.94
5.1118,2.269
5.1021,2.028
3.6449,2.115
2.8456,1.655
3.4187,1.617
5.4607,1.923
5.0915,1.932
4.4536,1.84
6.2135,2.172
4.9219,1.82
4.525,1.613
4.0507,1.61
3.7841,1.449
6.1436,2.595
6.1168,2.105
5.0092,2.441
4.7891,1.848
5.2145,2.292
3.6133,1.961
3.65,2.041
5.7512,2.402
5.9617,2.311
5.2442,2.132
5.1333,2.072
4.6071,1.841
3.7,1.79
4.5833,1.907
3.0859,1.678
5.431,2.467
3.1573,1.267
7.6166,2.604
5.5872,2.006
6.7371,2.674
6.7821,2.659
5.3794,2.062
4.0,1.71
3.25,1.511
2.9861,1.609
2.9915,1.667
2.9097,1.063
2.5841,1.125
3.1968,1.51
2.2411,1.518
3.8456,1.598
3.6964,1.657
1.837,1.75
3.1838,1.82
5.4482,1.908
6.0901,2.982
6.6727,3.051
2.1083,1.625
3.1719,2.205
2.4519,2.083
4.9485,2.023
5.6642,2.37
4.2569,2.131
6.7061,3.223
4.125,2.671
6.0704,2.68
6.3809,2.736
6.8145,3.392
7.5898,3.302
3.1406,1.631
5.6292,2.314
4.6602,2.278
4.7188,1.971
2.85,1.446
5.5777,2.793
6.0918,3.448
4.0473,2.665
4.45,1.849
4.7094,2.347
7.4713,3.512
6.5847,3.588
7.6877,3.677
5.0362,2.753
4.1612,2.328
2.6998,2.161
3.1002,1.143
5.0255,2.26
3.7433,2.521
4.4312,2.25
4.4561,2.5
6.195,2.649
5.0391,2.598
3.6833,2.925
5.0499,3.068
7.0895,3.069
4.3864,2.668
6.2924,2.839
5.1097,2.88
5.5636,2.688
5.6558,2.633
6.5378,3.409
6.7192,3.975
2.9526,2.71
4.6528,3.357
4.2625,3.106
7.5349,3.491
4.8088,3.212
5.6986,2.758
7.5,3.562
4.6424,3.127
6.112,3.906
9.5862,4.694
6.2726,2.582
6.1265,2.603
6.2048,2.75
3.375,3.5
6.3325,2.5
6.2631,2.66
6.2781,2.698
2.4821,1.572
6.8806,3.435
6.6204,2.961
6.6131,3.125
7.6473,3.458
8.155,3.437
5.5921,3.591
8.3188,4.034
7.9168,3.56
7.8287,3.692
6.7857,3.413
6.3942,3.567
9.7037,4.251
4.6932,3.561
10.3345,4.614
12.5915,4.324
3.1591,4.347
15.0001,3.5
6.7027,3.819
7.2216,3.246
7.9393,3.993
7.7072,4.438
6.5617,3.866
4.6042,2.564
3.375,2.0
9.8708,5.00001
5.1755,2.948
4.9018,1.885
7.6518,3.593
8.2673,3.587
7.3732,2.873
8.4352,4.414
7.2655,4.94
10.7372,5.00001
13.4883,5.00001
7.5139,3.982
9.5271,5.00001
12.2478,5.00001
8.0839,3.72
8.003,3.513
9.0776,4.504
8.039,3.822
10.4549,5.00001
6.5095,2.944
10.3224,5.00001
8.3678,4.553
6.8686,4.065
5.2079,3.103
4.3235,2.795
6.4666,3.482
8.0448,4.333
4.125,2.571
2.7411,3.5
10.3713,4.261
6.2275,3.944
3.5536,3.872
2.3971,0.994
2.933,0.85
2.9167,1.027
3.6437,1.865
3.12,1.55
4.4551,2.524
3.5893,2.063
2.4896,0.734
7.2315,3.671
7.6202,4.026
6.5814,3.142
8.0074,4.541
11.7064,5.00001
7.6717,4.165
6.6657,3.645
7.203,3.699
11.3421,5.00001
4.5744,3.14
7.3267,3.899
5.6349,3.556
7.52,3.702
8.1586,4.043
4.9,3.542
8.9571,3.997
8.7589,4.345
7.6917,4.018
7.6107,4.232
6.917,4.38
2.4444,4.75
7.3195,3.675
7.7736,3.781
10.9405,5.00001
10.3416,5.00001
9.0064,5.00001
8.1489,4.99
5.2699,2.042
6.4753,1.668
5.5601,2.137
2.875,1.625
10.5815,5.00001
13.2949,5.00001
13.1499,5.00001
8.3209,4.854
2.9591,2.101
5.1582,1.947
4.1483,1.812
6.8642,2.854
6.6134,3.07
8.3956,3.536
8.1163,3.658
9.0243,4.277
7.3445,3.667
5.2798,2.374
7.1978,2.88
8.7059,3.294
6.2296,2.917
7.5695,3.204
6.299,2.869
6.6049,3.126
5.9346,2.536
5.7001,2.051
5.6293,1.976
6.0224,1.985
6.7741,3.107
3.125,1.711
2.5517,1.471
3.6154,1.557
5.6022,1.97
4.4474,2.037
2.3103,1.345
3.9345,1.502
2.694,1.23
1.6767,1.477
5.0969,1.742
3.4471,1.789
4.025,1.732
4.3173,1.754
4.4394,1.62
4.621,1.911
3.2759,1.95
4.375,1.933
5.1178,1.98
5.8899,2.432
6.0289,2.186
5.0473,1.848
5.7862,2.694
6.0102,2.356
6.5006,2.377
4.2269,1.705
5.2375,2.464
5.8418,2.403
6.1576,2.487
6.2073,2.729
5.1046,2.098
5.5,2.01
6.0666,2.724
3.6393,1.84
3.5353,1.647
4.4911,2.274
3.375,1.497
4.4387,1.9
4.45,1.966
3.8343,1.914
4.3958,1.942
4.35,1.85
4.2348,1.578
3.6518,1.643
3.9722,1.61
4.6944,1.711
2.9781,1.09
4.3333,1.708
4.2852,1.735
4.0437,1.628
2.6167,0.851
6.0115,1.75
3.911,1.125
4.125,2.125
0.716,1.042
1.5347,0.804
1.8333,0.698
1.6023,0.813
0.9797,0.764
0.7403,0.686
1.4583,0.675
3.9773,1.313
3.7562,1.329
6.0426,1.1
2.0353,1.136
2.5863,1.122
3.2188,1.138
4.6937,1.341
4.5,1.566
3.3125,1.588
4.4135,1.501
3.5463,1.308
2.3382,1.207
3.9118,1.294
2.5164,1.142
1.875,0.972
2.0724,0.977
2.6328,1.103
2.5461,0.939
1.8664,1.078
3.375,1.337
4.0417,1.828
2.5769,1.461
2.1915,1.208
2.1991,1.333
2.5382,1.036
3.7277,1.651
5.5196,2.108
3.9464,1.869
3.7708,1.446
2.8833,1.404
3.5848,1.408
3.1571,1.416
3.9417,1.391
4.0526,1.508
3.6719,1.341
3.0313,1.358
4.0927,1.426
3.0694,1.353
2.875,1.334
3.2333,1.351
3.2833,1.117
3.0737,1.116
3.6094,1.146
2.7714,1.047
3.942,1.433
2.7391,1.403
1.681,1.455
3.125,1.439
2.3456,1.052
1.6571,1.052
2.8967,0.956
1.5139,0.817
3.0862,0.79
0.9687,1.058
1.3365,0.729
1.822,0.797
1.3167,0.716
1.7865,0.88
2.3352,0.843
1.6,0.794
3.05,1.216
1.0521,0.691
1.75,0.379
5.0524,2.698
4.016,2.745
3.2875,2.75
2.1287,0.95
1.7257,0.915
1.7727,0.861
1.9375,0.87
0.8641,0.842
1.125,0.938
1.9224,0.94
1.3929,1.042
4.2895,1.868
2.3475,0.903
3.0156,1.115
1.4423,0.883
2.64,1.121
3.2222,1.563
5.0187,1.406
2.2301,1.224
3.2674,1.291
2.6399,1.196
2.7628,1.678
3.6417,1.784
4.1146,1.778
5.3433,2.865
5.0399,2.534
5.1067,2.473
6.2712,2.677
6.0677,3.216
5.943,2.882
6.516,4.01
4.5,3.04
3.5089,2.619
2.675,0.225
2.8456,1.833
3.724,2.201
2.5,1.958
3.3594,1.869
4.1587,2.122
4.0804,2.39
2.7243,2.181
2.9441,2.004
3.6321,2.091
2.9219,2.172
3.4091,2.23
2.3946,1.417
2.2672,1.625
6.0,3.114
5.1691,2.632
4.0536,2.62
5.5357,2.737
4.4286,2.349
6.5576,3.585
6.3538,3.337
4.1212,2.875
5.828,3.244
6.3669,3.155
7.3089,3.312
3.7557,1.094
1.9797,0.858
2.4805,0.732
2.5795,0.684
1.6654,0.746
1.7038,0.783
2.0074,0.669
2.4605,1.059
2.1829,0.695
2.275,1.224
2.1336,0.75
3.0313,1.036
2.2868,1.031
2.9688,1.527
3.13,1.167
2.0202,0.711
1.5536,2.125
2.625,1.875
2.02,0.875
1.7245,0.922
2.32,0.913
2.5875,1.734
2.4917,2.0
1.9667,0.846
3.1806,1.072
3.5417,1.148
2.2589,1.316
1.8906,1.042
2.83,1.105
4.6,1.368
1.9018,1.097
4.0417,0.993
3.1625,1.036
3.0806,1.185
2.9091,1.419
2.3281,0.858
2.6607,0.904
3.15,0.869
2.0708,0.896
3.9722,3.134
2.996,1.261
3.3295,1.266
3.5,1.036
1.7188,0.961
2.675,1.042
2.2056,1.072
3.2396,1.019
2.0938,0.944
1.9851,0.867
3.0089,1.008
1.9727,1.141
2.7457,1.078
3.5,1.347
5.0718,1.625
4.225,1.276
3.5714,1.097
4.3333,1.214
3.7891,1.177
3.8333,1.188
3.017,0.976
2.875,0.875
4.0313,1.26
4.975,2.063
4.0714,4.375
1.875,5.00001
4.8311,1.722
3.93,1.634
3.7625,1.132
2.902,1.273
3.2027,1.286
2.8562,1.282
3.1635,1.326
2.9444,1.193
1.7222,1.185
3.4688,1.201
4.9583,0.875
0.9227,0.955
4.7083,2.133
6.844,2.396
4.6394,1.734
6.314,2.289
5.3344,2.175
4.7276,1.975
4.1163,1.725
4.5246,1.989
5.4413,1.879
5.584,1.866
3.225,1.633
3.2964,1.769
5.2032,2.171
3.9036,1.808
4.0714,3.006
4.5568,1.701
4.1843,2.076
4.3981,2.028
5.5111,1.963
4.835,2.306
4.0,1.674
4.825,1.846
2.5625,1.461
2.2269,1.283
2.8807,1.426
2.5104,1.205
2.1603,1.113
2.3314,1.216
2.6392,1.485
1.5625,1.083
2.9844,1.279
2.7273,1.286
3.6406,1.509
2.1682,1.381
2.9,1.587
2.9219,1.413
4.03,1.412
2.3583,1.087
3.0217,1.069
1.7266,0.947
2.7201,1.175
4.0709,1.517
4.0675,1.402
4.0197,1.322
3.0789,1.317
3.9812,1.366
2.5865,1.338
2.5042,1.264
2.6833,1.188
3.6125,1.0
3.5192,0.98
3.5667,1.156
4.625,1.625
4.0827,1.707
5.7373,2.083
3.0565,1.188
3.5511,1.559
3.4872,1.414
2.3319,1.385
2.101,0.567
1.372,0.496
1.5625,0.475
1.975,0.475
1.7011,0.448
0.9513,0.504
1.5833,0.567
2.2206,0.592
2.1518,0.53
1.4427,0.477
1.2344,0.433
1.7829,0.526
1.5227,0.469
1.5547,0.939
2.5045,0.903
1.2375,0.5
1.2813,0.564
1.0513,0.396
2.1094,0.75
0.799,0.518
1.3527,0.612
1.123,0.467
1.8967,0.438
1.6435,0.526
2.6176,0.541
2.4137,0.621
4.35,0.675
2.4167,0.739
1.25,0.53
2.0043,0.535
1.5625,0.528
1.0481,0.485
1.0472,0.578
1.3922,0.495
1.3304,0.513
1.2404,0.525
2.1458,0.344
1.3047,0.441
1.3587,0.453
2.1905,0.618
1.5611,0.444
2.875,0.606
1.4577,0.498
2.3269,0.508
2.1304,0.585
1.3343,0.608
1.8723,0.526
1.4419,0.455
1.6325,0.521
2.0536,0.5
4.7463,0.931
2.7813,1.203
1.5449,0.625
4.0027,0.931
4.9196,1.179
7.2211,1.717
3.5128,1.216
4.4583,1.083
2.6875,1.538
1.4007,2.25
1.4646,0.659
6.8162,1.272
0.6991,0.895
2.2437,0.542
5.2608,1.514
3.0179,0.916
2.0294,0.704
1.7986,0.493
2.1563,0.883
1.8355,0.742
3.9211,0.923
3.4107,1.104
1.6607,0.58
3.0139,0.653
2.9013,0.895
1.6602,0.612
3.5781,0.928
3.3438,0.926
2.1691,0.667
2.77,0.684
2.2466,0.96
1.7692,0.742
2.6146,0.813
2.0658,0.679
2.5809,0.783
3.5375,0.967
1.4817,0.72
1.976,0.673
2.0781,0.488
1.575,0.571
1.3929,0.556
2.9306,0.679
2.2029,0.542
1.7636,0.551
1.8971,0.669
1.4028,0.685
1.6429,0.692
1.7298,0.584
2.4375,0.571
2.3952,0.784
1.175,0.561
1.0,0.45
1.5273,0.59
2.1055,0.613
1.7344,0.513
1.2937,0.52
1.4635,0.466
1.75,0.498
1.4766,0.506
2.19,0.534
1.2545,0.455
1.2101,0.491
1.869,0.56
1.5174,0.546
1.6548,0.494
1.3029,0.691
1.8667,0.628
3.3125,0.701
1.7083,0.483
1.8641,0.508
2.9545,0.596
1.2065,0.556
1.8958,0.513
1.9955,0.542
2.5111,0.554
1.7994,0.587
1.4766,0.528
1.4107,0.598
1.3278,0.445
2.3006,0.69
2.6611,0.747
3.1,0.713
3.9514,0.869
1.6073,0.647
3.1719,0.679
2.4956,0.875
2.4728,0.883
2.3108,0.72
3.8088,0.877
3.6681,0.82
2.1461,0.759
3.1417,0.746
2.1653,0.788
3.1953,0.857
3.9338,0.847
3.25,0.814
2.0536,0.55
2.6932,0.664
3.0,0.728
2.625,0.715
3.7578,0.692
2.6767,0.875
2.9406,0.73
2.5737,0.769
2.6726,0.704
2.4405,0.743
2.3333,0.813
2.2467,0.707
2.785,0.723
2.1439,0.602
2.0564,0.647
2.5434,0.673
1.9375,0.677
1.2176,0.619
2.3562,0.581
1.9784,0.707
2.0357,0.602
3.8105,0.876
2.2614,0.73
2.319,0.591
2.3967,0.587
3.5972,0.899
3.15,0.722
2.5804,0.789
3.4265,0.85
3.625,0.834
2.6127,0.696
3.0568,0.713
2.9081,0.656
2.4286,0.681
2.625,0.716
2.8359,0.803
3.6522,0.802
3.0938,0.767
3.7821,0.804
3.4213,0.845
2.7857,0.797
2.9853,0.747
2.0446,0.813
2.9315,0.832
1.8214,0.801
2.8194,0.811
2.875,0.745
3.3125,1.061
4.1719,1.264
3.6204,1.198
2.9808,0.896
2.3194,0.906
1.7,0.69
3.4861,1.125
2.6852,0.708
1.6168,0.718
1.8299,0.578
3.6,0.832
1.8,0.604
3.087,0.882
3.4297,1.125
3.2813,1.054
2.1618,0.553
2.7917,0.828
3.8056,1.654
1.3221,0.612
7.5,2.562
5.1781,1.225
6.7181,1.603
4.8036,1.416
4.7622,0.893
3.3239,0.913
5.5842,0.889
5.5405,1.193
4.2132,0.965
3.3942,0.721
4.6726,1.078
3.755,0.68
3.6563,0.888
2.9565,0.73
2.5595,0.679
10.5144,3.459
8.9669,2.139
8.7716,2.292
6.8645,1.959
6.9903,1.412
5.3241,1.23
7.4201,2.297
6.1175,1.447
5.5357,1.677
7.2909,1.556
5.2809,1.515
5.0698,1.509
7.7062,1.883
8.3608,1.873
8.2737,1.935
5.9897,1.236
5.3886,1.253
3.2569,1.244
3.2147,1.119
2.8274,0.795
4.2071,1.283
1.9511,0.54
1.7926,0.517
3.7656,1.45
4.2304,0.944
5.4868,1.588
3.3229,1.193
4.049,1.26
5.6445,1.355
2.3667,0.693
3.2143,0.93
4.3315,0.958
2.2215,0.722
3.4167,1.052
1.7708,0.535
3.4542,1.212
5.4513,1.433
6.3359,1.693
6.1575,1.601
3.8571,0.901
2.9471,0.995
3.5958,0.888
3.125,0.808
3.4074,0.727
2.0469,0.669
3.3272,0.656
2.5223,0.662
1.3385,0.588
3.3447,0.714
1.9575,0.67
2.0324,0.555
3.0,0.797
2.6055,0.692
2.6522,0.659
1.6854,0.647
2.9506,0.738
1.9386,0.675
2.03,0.588
3.5542,0.965
2.4167,0.719
5.187,1.538
3.069,0.696
1.8514,0.665
3.32,1.247
4.25,1.322
3.2642,0.896
2.3293,0.734
2.256,0.645
1.5122,0.475
2.9301,0.683
2.1544,0.728
2.1383,0.788
2.9937,0.811
3.3281,0.751
2.1573,0.714
2.293,0.717
2.5893,0.709
2.9244,0.846
2.8994,0.66
2.2094,0.837
2.7222,0.831
2.4678,0.743
2.3333,0.906
2.197,0.745
1.2716,0.694
3.4279,0.847
2.3375,0.993
3.567,0.855
3.625,0.895
4.2153,0.952
4.5179,0.996
5.2595,1.109
4.7804,1.011
5.0635,1.085
4.0196,0.842
4.9292,1.094
4.1098,1.082
5.3272,1.742
5.0941,1.437
3.9032,1.408
2.4861,0.863
6.9405,1.652
4.0,1.646
4.5398,1.431
5.308,1.675
2.5904,0.714
2.3173,0.682
2.7159,0.68
1.8061,1.134
3.5078,1.09
5.3478,1.388
5.0828,1.114
2.3381,1.125
1.6618,0.697
1.7969,0.728
2.9453,0.722
2.7778,0.797
1.9483,1.125
2.2639,0.525
3.9943,1.002
4.9327,0.895
1.4913,0.546
3.1814,0.789
4.4356,1.113
5.0864,1.137
6.1133,1.2
4.5577,1.233
4.9432,1.144
5.0253,1.062
1.8021,0.559
4.81,0.936
3.9792,0.889
2.5446,0.938
4.4934,0.88
4.2066,0.884
3.2813,0.687
6.011,1.631
3.7697,0.836
3.5417,0.713
2.7404,0.763
2.6875,0.606
4.0993,0.83
6.0132,1.508
4.9904,1.573
5.6739,1.738
4.526,1.487
4.925,1.547
3.0833,1.333
4.5625,1.369
5.4895,1.567
4.0227,1.265
4.5375,1.306
4.5938,1.069
3.6161,0.995
2.5741,0.73
2.181,0.599
2.6458,0.848
2.6823,0.729
2.1182,0.589
2.3687,0.639
3.1442,0.723
3.7261,0.839
1.9766,0.581
1.7132,0.559
2.2448,0.589
1.9076,0.558
2.1515,0.639
2.59,0.693
3.2917,1.601
3.4044,1.153
3.625,1.076
2.3618,0.8
3.5074,0.938
2.3359,0.924
4.2679,1.518
3.332,1.118
3.1736,1.118
3.9141,1.239
2.0,0.833
4.1838,0.856
4.1563,0.94
3.3269,1.027
3.875,1.25
3.0729,1.446
5.1314,1.792
3.7857,0.786
2.6902,0.944
2.2202,1.0
2.2278,0.905
2.6058,0.922
1.6486,0.552
1.7292,0.52
1.5642,0.515
1.4481,0.517
2.4219,0.658
2.2863,0.692
2.0417,0.725
2.5,0.73
3.625,1.083
3.7917,0.905
3.9073,0.916
1.767,0.633
2.825,0.676
1.8975,0.609
1.516,0.567
3.9844,1.181
1.6875,0.661
2.5234,0.635
3.7813,0.873
3.825,0.842
2.309,0.571
1.4937,0.547
1.586,0.569
2.2206,0.634
1.9913,0.953
1.8958,0.551
1.5625,0.558
1.6094,0.552
3.0521,1.138
2.5562,0.932
1.9676,0.624
2.6858,0.624
3.5987,1.317
2.8287,0.731
2.6974,0.73
4.0197,0.88
2.2727,0.927
2.5556,0.697
1.8333,0.683
1.5833,0.651
1.2647,0.553
1.4415,0.544
2.0658,0.925
1.625,0.53
1.8878,0.516
3.2917,1.115
4.2045,1.209
2.2132,0.766
1.6635,0.67
2.5033,0.701
3.0294,0.702
3.2019,0.957
3.0469,0.827
2.1908,1.1
3.1333,1.0
3.3214,1.016
2.5921,0.942
3.2083,0.75
2.8125,0.792
1.7813,0.579
2.4044,0.725
2.0216,0.768
2.7321,0.836
2.4375,0.782
2.5208,0.6
2.975,0.9
2.0313,0.694
2.4814,0.746
2.4006,0.764
2.4474,0.756
1.7176,0.584
2.8913,0.609
2.1771,0.392
2.1153,1.125
2.3295,0.55
1.5086,0.647
1.4191,0.551
2.4398,0.875
2.1458,1.042
3.0658,0.65
1.8264,0.62
2.7461,0.7
3.2639,0.864
4.381,0.863
2.7792,0.853
1.7075,0.604
3.0134,0.555
2.25,0.766
2.4937,0.66
2.3026,0.906
2.293,0.572
1.5536,0.583
2.4786,0.56
1.947,0.689
2.5,1.125
1.9417,0.388
1.7184,0.552
1.9056,0.6
1.8125,0.58
1.4038,0.543
1.3386,0.63
2.3523,0.66
2.8182,0.905
2.1759,0.581
2.4414,0.719
2.3295,0.744
2.2083,0.55
4.125,0.675
4.625,1.625
2.0192,0.637
1.6948,0.675
3.0469,0.85
2.3507,0.656
3.0469,0.722
2.325,0.696
2.2569,0.943
3.35,0.854
1.9375,0.731
1.6607,0.14999
2.3851,0.675
3.6429,0.875
3.25,0.816
2.4861,0.719
2.165,0.587
2.3566,0.71
1.3708,1.25
2.1,0.669
2.0625,0.634
2.8333,0.697
2.1705,0.53
2.5625,0.7
2.8466,0.953
2.4917,0.771
1.832,0.705
2.1746,0.587
0.957,0.6
1.7308,0.805
1.7778,0.769
1.585,0.755
1.8529,0.625
2.2566,0.927
2.5417,0.854
1.6369,0.683
1.8242,0.7
1.745,0.705
1.4668,0.646
1.9688,0.705
2.9038,0.82
2.8529,0.856
2.2227,0.813
2.5536,0.702
2.5096,0.722
2.1607,0.67
4.8516,1.161
2.8056,0.828
2.442,0.69
1.75,0.675
2.5,0.726
1.755,0.741
1.6111,0.747
1.1386,0.741
2.4896,0.81
3.1711,1.042
3.8,0.818
2.1135,0.906
3.0216,0.864
3.4219,0.928
2.9143,0.996
3.375,1.006
3.3984,0.9
2.5536,0.961
2.1101,0.869
2.2478,0.811
2.8833,0.83
3.5833,0.928
3.2216,0.981
3.5156,1.43
3.9792,1.339
1.1157,1.5
1.1742,0.75
1.1576,0.875
2.2138,0.992
1.1479,1.011
2.2188,1.058
0.7684,1.531
1.725,0.575
2.0657,0.811
1.5326,0.741
2.4321,0.821
2.7321,0.926
3.3462,0.508
2.5667,1.395
3.0469,1.36
1.6667,0.788
2.0644,0.798
1.0486,0.367
1.8208,0.5
1.4911,0.592
1.8065,0.627
2.1542,0.838
2.0156,0.628
2.4708,1.194
3.0208,1.434
1.9741,0.979
3.538,1.027
2.9485,0.988
2.4559,0.756
2.6923,0.842
3.2891,1.063
2.1726,0.755
2.6847,1.113
3.1406,0.96
2.96,0.817
2.5893,0.996
3.5076,0.736
2.7639,0.902
2.3147,0.701
2.8182,1.269
5.0329,1.656
1.8993,0.784
2.9911,1.197
3.8095,1.199
3.9659,1.118
4.0357,1.289
2.8446,1.005
4.2054,1.306
3.5363,0.901
1.6528,0.581
2.5179,0.79
3.0536,1.07
2.8958,0.864
2.5804,0.921
2.4519,0.851
2.0938,0.796
4.025,1.281
1.5625,0.668
2.178,0.768
3.4408,0.952
2.7644,0.973
2.3167,0.926
1.7153,0.771
2.6987,0.925
2.1354,0.751
2.4896,0.741
3.25,0.948
2.2357,0.723
1.7574,0.575
2.3947,0.705
3.5345,0.55
2.6094,0.713
2.3571,1.114
3.0806,1.067
3.0147,0.946
1.9417,0.761
2.625,1.356
1.319,0.707
2.0962,0.74
1.725,0.543
1.2227,0.768
2.087,0.824
1.9625,1.015
2.1864,1.019
1.8793,0.608
2.163,0.534
2.101,0.467
1.0,0.4
1.6552,0.433
2.4511,0.725
2.9,0.875
2.0463,0.612
2.2969,0.62
3.3472,0.917
3.4038,1.078
3.1979,1.135
1.4583,0.586
2.2054,0.664
1.7159,0.622
1.9088,0.637
1.5372,0.694
1.9464,0.606
4.3523,0.96
3.2593,0.808
3.0091,0.708
2.4063,0.707
5.4349,1.43
3.8177,1.072
1.5217,0.603
1.975,0.664
1.9911,0.675
3.6528,1.0
6.2558,1.463
3.3182,1.138
2.3594,0.743
1.9375,0.809
3.5735,0.711
1.9939,0.658
1.8958,0.675
1.7604,0.686
3.2396,0.623
1.7411,0.635
1.9531,0.611
3.5282,0.675
4.875,0.908
4.1293,0.832
3.3583,1.028
3.1667,1.25
2.1792,0.552
2.2083,0.938
2.0938,0.875
1.625,1.125
4.475,0.963
2.5664,0.675
3.6597,0.875
1.7188,0.699
1.1853,0.726
1.875,0.938
2.6172,0.885
2.2417,0.792
1.735,0.612
2.3571,0.631
3.4107,1.425
2.1136,0.61
1.2083,0.536
1.6607,0.561
1.275,0.604
1.6351,0.596
4.5714,0.686
2.1979,0.639
1.5987,0.594
1.3882,0.694
1.3373,0.583
3.2083,0.762
1.1707,0.625
1.6667,0.681
3.0603,0.708
4.6154,0.862
5.128,0.996
3.1597,0.762
2.8025,0.843
5.7843,1.101
6.3814,1.599
1.6635,0.644
3.6042,0.736
4.0375,0.864
6.2715,0.972
4.3021,0.875
4.4821,1.403
2.5769,0.944
1.899,0.64
1.6838,0.958
1.375,0.701
1.4828,0.731
2.3319,0.912
1.5931,0.884
2.1776,0.755
1.1311,0.847
2.625,0.727
2.0625,0.677
1.7292,0.813
1.2639,0.513
4.0208,0.325
1.4338,0.439
1.5417,0.575
2.8684,0.628
2.0109,0.543
2.7,0.588
1.4688,0.538
0.922,0.675
1.7857,0.628
1.125,0.544
1.8958,0.538
5.3374,0.475
0.8964,0.592
3.1607,0.575
1.7727,0.5
1.2132,0.3
0.8571,0.25
1.275,0.561
0.8585,0.45
1.2049,0.44
2.1212,1.083
4.1576,1.415
3.2132,1.66
3.0817,1.188
4.337,1.397
4.375,1.804
1.7388,0.544
1.9722,1.161
1.8325,1.058
2.3261,0.984
2.75,0.945
1.7292,1.375
2.325,0.806
2.0357,0.742
2.2574,1.047
1.7868,0.455
2.1,0.14999
1.1471,0.329
2.7583,0.649
2.5703,0.624
2.6094,0.679
4.3162,0.871
3.0268,0.77
4.0125,0.844
3.1736,0.707
2.2727,0.672
1.8472,0.574
1.4598,0.526
1.6286,0.546
1.7857,0.543
1.8403,0.547
2.8393,0.57
2.325,0.632
2.0575,0.67
1.97,0.519
2.0331,0.532
3.0625,0.694
1.3222,0.514
2.1818,0.635
1.3587,0.675
5.5261,1.32
2.6812,1.076
5.6235,1.306
10.0263,2.0
4.8571,2.375
3.8611,1.264
5.575,1.322
1.7109,0.446
1.8289,0.594
1.4427,0.506
1.3527,0.6
4.0208,0.904
3.5714,0.846
4.3906,0.939
3.7708,0.794
2.8295,0.721
3.996,0.855
3.1906,0.762
2.8393,0.698
2.9821,0.731
3.4205,0.766
3.875,0.945
3.2325,0.89
2.947,0.871
3.6875,1.017
3.5524,0.891
3.1297,0.79
3.6734,0.929
3.5938,0.952
3.0568,0.856
3.7533,0.87
3.725,0.831
3.8307,0.706
3.875,0.995
4.2214,1.046
5.4592,1.391
7.7751,1.941
3.0938,1.008
6.3639,1.43
2.569,1.13
3.5441,0.87
3.3462,0.676
2.1111,1.053
2.4919,0.757
2.6903,0.628
2.0643,0.576
1.8523,0.597
2.1588,0.613
2.875,0.574
1.6728,0.554
1.7467,0.524
1.365,0.543
2.774,0.595
1.625,0.468
1.0648,0.5
0.9951,0.48
1.8819,0.58
1.375,0.575
1.4024,0.51
1.3451,0.575
1.4146,0.491
1.4786,0.548
1.625,0.508
0.8639,0.494
1.6009,0.488
1.8319,0.554
2.5083,0.701
1.1875,0.507
1.2618,0.469
2.2212,0.555
1.4773,0.574
1.7292,0.581
1.1638,0.579
1.4125,0.425
1.1944,0.575
1.075,0.675
1.9125,0.475
1.4779,0.66
0.8054,0.6
1.1875,0.638
2.0455,0.725
1.7321,0.844
3.0,0.918
2.7312,1.471
1.6786,1.266
2.875,0.827
2.9821,1.187
1.8362,0.669
3.6548,0.847
3.3261,1.184
4.6705,1.107
4.5791,1.234
4.3482,0.952
2.6513,0.723
3.9097,0.813
3.0435,0.695
2.1818,0.753
1.7213,0.616
2.2827,0.7
2.5062,0.737
1.9671,0.768
1.8801,0.578
1.6797,0.607
1.2157,0.57
1.056,0.516
1.2469,0.467
0.9407,0.436
1.25,0.425
1.4015,0.487
1.7375,0.486
0.9675,0.471
1.6981,0.494
1.2617,0.427
1.1136,0.478
1.2232,0.493
3.1281,0.762
2.1078,0.547
1.9612,0.534
2.4848,0.54
1.7197,0.489
1.5743,0.467
3.2738,0.787
1.7614,0.332
1.6632,0.498
1.6786,0.529
0.9288,0.366
2.2155,0.621
1.1786,0.456
2.1875,0.58
3.0208,0.637
1.983,0.633
1.9125,0.579
2.2407,0.76
2.3125,0.658
2.7256,0.719
2.6875,0.737
2.5644,0.73
3.1753,0.85
2.575,0.699
2.6637,1.75
2.9438,0.872
4.0529,1.062
2.4123,0.862
4.8839,1.341
5.1036,1.034
4.0327,1.31
10.5941,2.458
7.1837,1.763
8.5325,2.241
5.4449,1.185
4.1528,1.301
6.759,1.703
5.0012,1.063
4.997,1.429
3.569,0.707
3.406,1.007
3.8117,0.828
3.4286,0.714
2.1553,0.847
2.7083,0.847
3.0486,0.685
1.5625,0.467
1.5429,0.394
1.9417,0.538
2.4234,0.637
2.75,0.658
1.5357,0.565
1.6575,0.595
2.9402,0.562
1.6522,0.533
3.6852,1.098
1.2,0.5
3.4827,0.936
4.1957,0.927
2.5575,1.002
3.3529,0.826
4.0631,0.882
4.1484,1.029
3.6369,0.816
2.596,0.7
2.1006,0.748
3.9054,0.809
2.5804,0.979
5.1457,1.182
3.125,0.65
2.7659,0.775
2.35,0.917
1.1528,1.5
3.5,1.139
2.9891,1.165
3.1364,1.235
4.5724,1.684
3.0882,1.482
4.0332,1.283
2.9187,0.521
2.6389,0.3
4.15,0.682
3.0742,0.579
3.125,0.375
2.3912,0.529
2.8323,0.508
2.5313,0.458
3.9929,0.883
3.1592,0.754
2.3013,0.266
2.1955,0.269
2.9952,0.638
1.9718,0.698
2.8452,1.047
4.4561,0.969
3.25,0.889
4.5903,0.943
4.4125,1.49
5.3119,1.573
4.4196,1.21
2.9453,0.828
4.8266,1.462
2.1635,1.104
2.2321,0.375
2.3533,0.654
4.2375,0.786
2.8269,0.611
3.2279,0.958
2.4044,0.658
1.6944,0.586
1.7105,0.521
2.2071,0.646
2.4961,0.588
2.7,1.25
1.1903,0.632
2.3934,0.719
1.9362,0.59
1.4619,0.605
3.176,0.718
1.7868,0.541
2.1186,0.475
2.6066,0.8
2.5625,1.563
2.1295,0.598
2.6726,0.833
2.5208,0.585
1.8843,0.552
2.0025,0.547
2.7411,0.598
1.6786,0.565
1.6045,0.573
1.517,0.521
1.7418,0.622
2.2981,0.699
2.1806,0.672
2.3125,0.621
1.7813,0.678
2.4044,0.725
2.033,0.684
4.1917,0.84
6.2885,2.164
2.5806,0.825
6.1563,2.042
1.8419,0.923
2.25,0.675
2.6288,0.96
2.0694,0.812
1.5957,1.014
1.4205,0.9
3.4792,0.946
1.8369,0.594
1.5667,0.725
2.3125,0.969
1.4141,0.758
1.3023,0.685
1.6236,0.673
1.8819,0.697
2.5474,0.784
3.625,0.55
2.0441,0.421
2.8,0.72
3.3269,0.819
4.0167,0.875
5.8625,1.094
5.2043,0.957
6.1935,1.157
3.0687,0.635
6.0653,1.053
5.5773,1.09
3.5931,0.719
3.5988,0.845
6.0532,1.028
3.858,0.702
2.1458,0.524
4.25,0.832
4.15,0.857
4.8494,0.872
2.5812,0.917
3.9261,1.013
5.5551,1.425
1.8984,0.543
4.1518,0.918
5.0762,0.98
3.1755,0.817
1.9962,0.508
3.4015,0.865
3.3693,0.718
1.625,2.75
2.375,1.375
3.3889,0.685
3.5391,0.819
4.25,1.044
4.875,1.417
4.5724,0.845
2.875,0.878
2.9583,0.917
2.8097,1.3
3.4338,0.549
4.2292,0.644
1.9107,0.398
2.6149,0.835
3.0184,0.879
5.0553,1.111
2.7361,0.833
2.0441,0.733
2.5875,0.689
3.7452,0.832
2.16,0.568
4.625,1.368
4.0581,1.629
2.3917,0.79
3.6949,1.158
3.4911,1.372
3.8917,1.208
2.6417,0.949
3.2405,0.855
3.2632,0.998
1.7917,0.8
1.8636,0.679
2.7845,0.822
4.0,0.945
2.6302,0.813
1.9236,1.063
1.7656,0.68
1.9688,0.539
2.1357,0.535
2.1136,0.573
1.9907,0.512
2.0921,0.614
1.9066,0.546
2.0174,0.637
1.7716,0.455
2.2885,0.75
3.4926,0.942
3.0375,1.263
3.3214,1.031
3.1406,1.0
2.7159,1.014
2.9167,0.839
2.0285,1.063
3.0667,0.758
3.9926,0.925
3.1667,1.264
2.6218,0.691
2.2937,0.723
2.1038,0.62
2.1681,0.666
4.3438,0.931
4.2917,1.042
2.0673,0.875
3.2386,1.125
4.5714,1.008
5.1728,1.075
3.1071,0.561
3.2019,1.125
2.2721,0.526
2.6477,0.435
2.8281,0.602
2.2895,0.62
4.9432,1.188
3.5486,1.48
4.3911,1.079
2.8788,0.855
3.1094,0.919
5.2134,0.974
3.8108,0.904
4.2396,0.906
2.6145,0.803
2.8125,0.702
3.5536,0.714
1.8385,0.675
3.0139,0.615
2.2333,0.61
2.6397,0.597
1.8529,0.672
3.0846,0.761
1.8606,0.567
1.4524,0.517
2.3523,0.591
1.3882,0.538
1.7596,1.208
2.9375,0.817
4.0909,0.928
1.4194,0.581
2.3256,0.568
2.5833,0.544
2.9936,0.606
3.3681,0.705
1.5433,0.504
1.3569,0.431
2.3466,0.534
1.5909,0.501
1.8839,0.463
2.625,0.974
2.395,0.941
2.4286,1.0
2.25,0.5
2.3889,0.532
1.3967,0.465
1.5313,0.438
2.13,0.508
3.2847,0.647
1.85,0.523
1.6607,0.421
2.2169,0.616
1.5727,0.548
3.5313,0.688
2.0595,0.607
2.4688,0.613
1.875,1.375
2.0221,0.522
0.4999,1.0
2.0976,0.477
3.05,2.25
2.9708,0.609
2.2167,0.485
2.0335,0.439
2.25,0.562
2.375,0.713
3.125,0.625
0.4999,0.735
3.9519,0.989
2.0208,0.725
4.35,0.683
2.575,0.736
2.2188,1.063
3.8333,0.926
3.25,1.375
2.2551,0.711
1.9141,1.432
4.0,1.663
2.8906,1.406
3.45,1.641
2.4423,1.023
1.939,1.003
3.5652,1.19
3.2216,0.935
2.5457,0.807
3.7667,0.95
1.3532,0.958
3.3929,1.083
1.6369,0.865
2.0417,0.788
1.4679,0.947
1.625,0.668
1.4676,0.65
1.5208,0.89
2.6181,1.089
1.3,0.697
2.7639,1.125
1.9833,1.115
2.1094,0.724
1.165,0.533
1.7446,1.094
2.3125,1.625
2.3558,1.347
1.8571,0.759
1.6607,0.778
2.1838,1.097
1.1912,0.6
1.75,0.64
1.6865,0.588
2.3179,0.575
4.3897,0.713
1.4767,0.62
2.0577,0.69
2.3083,0.602
1.6769,0.632
1.7273,0.582
1.2029,0.689
1.7083,0.773
1.7566,0.49
1.125,0.818
1.5455,0.55
3.2375,1.142
3.4187,2.005
1.8833,0.969
3.0466,0.973
3.125,0.934
1.375,0.55
2.5326,1.368
1.8704,0.885
1.6833,1.139
1.6164,0.778
1.7196,0.75
2.9934,1.342
2.7188,1.057
1.8692,0.938
4.0119,1.194
3.4514,1.0
1.9906,0.966
3.3531,0.908
2.1964,1.125
2.1953,0.75
2.9583,0.917
1.8417,0.847
4.125,1.125
1.5739,0.735
2.5625,1.092
4.0435,1.326
3.8831,1.321
3.375,1.031
3.4375,0.833
2.3125,0.679
2.1474,0.853
2.625,0.896
0.536,0.875
2.7188,0.481
2.5,0.592
3.6641,0.808
1.6833,0.4
3.625,2.0
1.7214,1.183
3.3036,0.783
2.5,0.641
2.1833,0.495
3.5962,0.859
2.6902,0.715
2.5074,0.664
2.1875,0.643
2.2992,0.702
1.5066,0.593
3.5536,1.057
2.2661,0.618
2.4757,0.856
1.7333,0.7
5.5179,0.675
3.4028,0.91
3.4643,0.851
2.1198,0.735
2.6765,0.476
1.7267,0.607
6.1946,2.761
4.9833,2.13
4.008,1.911
3.5568,1.845
4.81,1.919
3.5214,1.976
2.6036,1.621
2.4727,1.75
3.0795,1.615
5.0234,2.576
4.4485,2.619
6.3688,2.776
4.6635,2.301
4.4375,1.958
4.45,2.636
5.6184,3.169
3.1523,1.767
4.2639,2.933
5.997,2.287
4.1302,2.583
3.275,1.814
3.75,1.726
5.1145,2.199
6.0808,2.156
3.599,1.765
4.1964,1.859
4.2685,1.896
3.0583,1.603
4.1339,1.873
4.4875,2.227
4.6944,2.482
3.1349,2.302
6.2037,2.054
5.2661,3.149
6.1464,3.544
6.838,3.78
3.1607,2.006
4.5833,1.973
5.76,2.394
3.8,2.171
4.4375,1.915
4.4818,1.662
4.7932,1.663
3.3304,1.549
2.8214,1.583
3.35,1.476
4.2969,1.458
4.125,1.5
3.7566,1.467
2.6652,1.648
3.2865,1.333
2.8,1.443
1.6295,1.343
3.3214,1.313
2.6667,1.478
3.0132,1.426
4.2353,1.568
3.024,1.48
3.225,1.475
3.5104,1.409
3.2583,1.472
3.4,1.396
2.9519,1.409
3.6791,1.481
2.9205,1.431
2.1062,1.364
2.5313,1.361
3.4519,1.433
3.9,1.386
2.9219,1.379
1.4867,1.24
4.2538,1.543
2.2019,1.342
1.95,1.375
2.6429,1.431
3.6016,1.538
3.2284,1.571
2.525,1.637
3.6292,1.452
4.233,1.574
5.901,2.356
4.1724,2.116
3.9583,1.632
3.6548,1.803
5.2987,2.034
5.1668,1.874
4.3409,1.56
4.0301,1.543
2.7472,1.601
3.4,1.555
4.0556,1.825
4.26,1.894
4.1514,1.941
4.4773,1.731
4.0337,1.585
4.2708,2.182
4.8988,3.252
6.0891,2.701
3.0,1.724
3.6736,1.922
3.0526,1.833
4.2935,1.9
9.2873,4.318
6.8695,3.194
6.6458,2.855
7.0598,3.563
8.1248,3.74
7.5078,3.44
6.3911,3.017
6.4171,3.193
7.7464,4.746
8.8467,4.507
4.3047,1.521
3.4812,1.602
6.7248,3.772
8.1125,4.286
10.8805,5.00001
8.2159,3.762
7.0808,3.412
3.5714,1.52
5.5931,2.176
5.1408,2.229
5.3107,2.271
5.5608,2.267
2.7353,1.924
5.741,2.206
4.9323,2.237
4.9955,2.168
3.705,1.858
5.1296,1.959
4.8015,1.797
2.6193,1.723
3.5347,1.581
3.3603,1.424
4.8359,1.956
4.3839,2.046
4.175,2.096
5.0947,2.103
4.9485,2.171
4.2143,2.242
3.6989,2.086
3.8875,1.992
5.5792,2.184
5.749,2.38
4.6591,2.399
4.1492,1.957
5.1619,1.953
4.9688,2.169
5.1068,2.233
4.3333,2.329
5.5714,2.259
4.58,2.362
4.869,2.216
5.4065,2.438
7.8193,3.796
4.055,2.225
4.1042,2.521
5.5649,2.712
5.3847,3.292
8.176,3.084
5.6912,3.118
6.7415,3.482
5.634,3.205
10.9052,5.00001
8.203,4.454
8.1356,3.528
4.8316,2.373
3.7816,2.542
5.5433,3.325
4.6625,2.909
3.5497,2.613
5.0,2.58
9.6047,5.00001
7.167,3.571
6.0137,3.759
4.8333,2.772
6.3249,2.621
5.6392,2.715
5.5111,2.766
6.5146,2.776
6.8643,3.337
6.1288,3.5
6.1419,3.273
7.3252,3.337
3.2564,2.303
3.0347,2.545
8.565,5.00001
8.1714,5.00001
5.6149,2.731
3.2426,2.369
3.6231,1.933
8.7471,4.199
5.521,2.808
5.5126,2.484
4.6944,2.218
4.9676,2.219
4.1023,2.302
3.4091,1.688
4.8929,2.349
4.875,2.304
4.0077,2.29
8.8612,5.00001
8.6454,4.835
7.2772,4.772
3.0926,4.185
8.3841,4.722
3.3892,3.231
3.0977,2.64
2.9076,2.753
4.375,2.329
3.2404,2.304
6.2788,3.222
4.3458,4.075
2.8727,2.451
4.7926,4.544
3.2289,3.181
3.0321,2.4
3.6187,2.116
4.125,2.414
5.2801,2.123
3.8583,1.707
4.5417,2.389
2.3111,2.554
6.6537,2.676
5.0232,2.539
5.2939,2.442
6.0965,2.623
4.8164,2.411
6.155,2.573
5.9401,3.153
4.5167,3.19
5.2668,2.423
5.0325,2.382
2.5008,1.6
4.7583,2.586
6.5268,2.731
4.5484,2.399
2.7121,1.694
3.0187,1.546
3.4514,1.519
4.7228,1.838
4.0208,1.714
4.5833,1.772
4.5909,1.792
3.125,1.759
4.0792,1.651
3.9167,1.539
3.6384,1.593
5.5124,1.743
3.7,1.76
3.9833,1.625
3.5082,1.365
2.3584,1.576
3.0865,2.059
4.8958,1.737
3.7143,1.787
4.4688,1.825
4.095,1.84
3.725,1.782
5.6629,1.867
5.3767,2.33
4.4432,1.815
4.6827,1.838
4.5375,1.89
3.4013,1.765
3.9615,1.737
4.0057,1.727
4.0368,1.831
3.66,1.846
3.8083,1.838
3.325,1.782
4.5278,1.818
2.6299,1.707
3.9625,1.682
2.871,1.844
2.0699,1.83
2.5833,1.837
2.7714,1.857
2.585,1.454
3.4612,1.788
4.8703,1.851
2.875,1.686
2.825,1.686
4.2656,2.337
2.425,1.755
3.6618,1.873
3.6442,1.863
2.9803,1.915
4.0167,1.932
4.8194,1.813
3.6591,1.838
4.0049,1.9
4.8816,2.315
4.1121,2.292
3.6,1.646
3.5521,1.515
1.3594,1.583
4.775,1.795
3.0083,1.819
2.1518,1.616
4.1181,1.727
5.35,2.105
5.592,2.399
3.695,1.652
5.0818,1.868
3.6845,1.785
2.6667,1.724
2.375,1.777
3.7708,1.706
3.0833,1.791
4.1857,1.986
5.1586,2.374
1.0,1.875
5.6687,2.073
3.1563,1.764
4.2875,1.766
3.7143,1.757
2.9028,1.741
2.2679,1.5
2.8333,1.832
3.7663,1.603
3.025,1.543
1.8929,1.529
3.8,1.695
3.0125,1.817
2.0348,1.772
3.7455,1.596
2.9861,1.718
2.3182,1.712
2.8917,1.704
4.1445,1.764
2.9583,1.887
2.8784,1.949
3.1629,1.989
2.6696,1.851
3.0491,1.92
2.0968,1.625
2.2234,1.813
2.1,1.716
2.4375,1.763
2.4306,1.875
3.6875,2.119
3.625,1.813
2.8424,2.264
3.0395,1.913
4.1429,2.0
3.5164,2.172
1.9549,2.215
3.9792,1.938
3.338,2.225
2.2377,2.317
3.0221,2.901
2.2589,2.697
2.6165,2.308
3.1551,2.256
3.6745,3.355
3.3594,2.022
3.9099,2.675
3.8906,2.822
5.7143,3.824
3.6625,1.907
4.7171,2.379
3.0119,2.622
2.8021,2.246
4.1125,2.167
3.6007,2.618
3.5711,3.127
3.4013,2.86
2.9982,2.042
2.9327,2.402
3.3516,2.415
3.3906,2.238
2.4167,1.929
2.3333,3.647
3.8056,3.847
4.2989,3.647
6.3703,4.658
4.692,3.309
2.7379,1.815
3.0061,1.908
2.1449,1.653
2.4792,2.0
2.8208,2.385
3.6563,2.224
2.9728,1.902
3.3958,1.784
3.3125,1.864
1.9866,1.774
2.9228,1.773
2.5603,1.742
2.3056,2.0
2.5234,1.995
3.2596,1.918
3.9038,2.761
3.875,3.661
4.375,2.917
3.4449,2.929
5.451,3.418
5.9275,3.369
4.0347,3.536
3.4208,3.434
4.569,3.339
5.1496,3.65
6.1359,3.597
3.9028,3.679
4.1875,2.75
3.6641,3.861
2.2652,2.692
3.3545,2.215
3.2052,2.836
3.1929,2.652
5.1169,4.143
5.1584,4.447
2.7708,1.923
3.3177,3.094
3.7312,3.194
2.3851,1.941
2.3784,1.854
2.4107,1.844
2.2756,2.214
0.8198,3.25
2.7231,2.5
3.6128,2.25
3.6375,2.625
4.4122,2.823
2.4835,2.743
4.0764,3.25
3.5051,2.324
3.1106,2.094
5.1423,3.229
4.3542,4.179
4.1544,5.00001
2.773,1.405
4.125,2.265
2.9219,2.413
3.2448,2.212
2.1888,1.956
2.9688,2.021
3.5255,2.027
3.5,1.869
2.9735,2.2
2.9025,2.291
3.3864,1.974
2.8974,1.899
2.1974,0.938
1.3565,2.25
3.1667,2.02
5.2118,2.158
3.915,2.177
2.4375,2.554
2.6957,1.917
2.8646,2.211
3.8833,2.104
2.7118,2.817
3.892,2.929
2.5562,1.905
2.5842,2.308
3.0893,2.056
2.4667,1.922
2.7237,2.335
6.1142,2.563
3.1118,2.381
2.7375,2.349
2.5197,2.256
2.936,2.325
4.125,2.455
5.0,2.436
2.6709,2.155
2.4583,1.991
2.6364,2.711
2.2326,2.21
2.891,1.781
2.1977,1.542
2.2264,1.813
2.0192,1.583
3.0877,1.742
5.0929,2.25
3.7171,2.288
3.6875,2.464
4.5081,2.514
3.4583,2.532
2.2461,2.15
3.8081,2.867
3.6019,2.25
2.6238,2.1
4.375,2.861
2.6979,2.66
4.4464,3.531
11.2093,5.00001
3.2763,2.794
4.0474,3.797
4.1218,3.285
4.0391,3.375
3.7105,2.726
3.2386,2.773
4.3333,2.613
4.1875,3.093
3.1478,2.737
4.475,3.148
4.4423,2.804
4.3839,2.991
2.875,2.271
3.9886,1.992
4.6731,2.241
4.1597,2.016
4.1319,2.037
4.3462,2.221
4.9643,2.361
5.5675,2.159
4.185,2.092
4.7,2.236
4.8646,2.132
5.0282,1.954
5.5209,2.033
4.3261,2.067
5.1265,2.11
4.6607,1.998
2.9389,2.132
5.0623,2.464
4.4271,2.051
3.5333,1.968
4.3194,1.97
3.8247,2.087
3.7313,1.898
4.3571,1.998
3.225,2.053
4.5125,2.003
4.1806,2.09
4.0924,1.884
4.5648,1.937
2.2304,2.038
4.2344,2.625
3.7049,2.275
5.3028,2.292
4.2865,2.211
4.1304,2.291
5.0796,2.283
4.0,2.247
2.6437,1.95
4.9102,2.072
2.8701,1.911
3.6905,1.798
3.1106,1.706
3.5313,2.118
2.9511,2.039
3.8516,2.069
4.8295,2.121
2.625,1.923
4.2143,2.454
4.2083,2.403
4.175,1.909
4.0789,1.967
5.4548,2.014
3.9615,1.836
4.433,2.351
4.8264,2.51
2.5739,2.392
3.9632,2.403
4.675,2.225
4.3654,2.238
3.0187,2.177
2.9974,1.788
5.2149,2.019
5.015,2.209
3.7798,2.584
5.8798,2.705
4.1359,2.552
4.0313,2.993
5.6345,2.282
4.7125,2.509
5.0462,2.277
4.8333,2.254
2.8039,2.275
5.6407,2.515
5.6356,2.413
6.1074,2.586
4.0909,2.329
3.3534,1.805
3.6296,1.609
5.4527,2.271
5.7613,2.358
5.5709,2.448
8.4438,3.9
9.6465,5.00001
6.9223,3.384
5.0025,2.349
6.7785,3.361
2.5797,1.835
2.754,1.798
3.2297,1.5
2.6159,1.823
5.0483,2.21
4.1181,1.904
3.1818,2.08
3.5,2.237
4.1111,2.156
4.5568,2.015
5.223,2.092
5.1463,2.202
4.233,2.213
4.8125,2.667
3.8839,2.249
3.3125,2.228
2.85,1.875
5.6159,3.405
5.0309,2.448
6.4044,3.331
5.5101,2.674
5.5191,2.458
4.1154,2.464
4.3125,2.101
2.8312,2.139
5.1529,2.596
6.6689,4.33
6.0094,2.456
5.6163,2.484
5.1641,2.634
4.4167,2.473
4.925,2.403
5.2016,2.43
7.642,3.749
5.5798,3.382
7.7846,4.09
6.5304,4.398
6.0928,3.273
6.2064,3.349
4.2009,2.713
3.8819,3.289
3.0404,2.628
6.8482,3.083
6.7977,3.897
7.4918,3.676
8.3912,4.19
4.0,2.785
4.9102,3.191
6.8107,3.674
6.0192,3.477
7.457,3.927
7.9814,4.099
3.1875,5.00001
5.6327,5.00001
5.4847,2.96
4.1656,3.131
6.0794,3.385
10.9201,5.00001
8.4196,4.507
6.7694,3.697
6.14,3.619
10.5511,4.831
4.8984,3.117
4.8036,2.953
3.1885,2.19
3.675,2.131
3.6534,2.16
3.1923,2.218
3.855,2.438
6.1274,3.159
5.0605,3.11
5.4088,4.573
3.0943,1.745
3.1887,1.893
5.6738,4.436
2.8528,4.25
7.8392,5.00001
7.1322,5.00001
3.2154,2.596
5.17,3.354
3.6141,2.906
5.4609,5.00001
8.7172,5.00001
6.4958,5.00001
7.139,4.24
13.4196,5.00001
4.1429,3.036
10.3587,5.00001
10.6796,5.00001
11.2979,5.00001
12.8879,5.00001
9.2189,5.00001
10.2292,5.00001
10.4399,5.00001
3.2241,2.958
7.672,4.676
3.7125,4.474
2.8448,3.606
3.415,3.825
10.0549,5.00001
4.6375,3.591
3.2813,3.017
2.9352,3.045
3.6171,3.183
4.1727,3.326
4.5656,4.784
3.4698,2.654
3.8273,3.349
4.642,4.573
4.6,3.925
8.2269,5.00001
5.4591,4.955
6.7082,5.00001
10.3599,5.00001
8.8115,5.00001
8.153,5.00001
7.629,5.00001
10.9237,5.00001
8.2954,5.00001
7.9625,4.908
9.042,5.00001
4.3,5.00001
3.6202,3.661
3.1373,2.631
3.3669,3.761
3.1289,3.206
4.3036,3.659
4.2031,3.944
3.4612,4.25
3.2388,2.563
3.0398,3.691
4.3468,4.259
4.615,3.714
4.3214,3.723
5.2853,3.559
4.0208,3.417
0.536,3.75
4.3889,3.804
5.0754,3.745
4.1656,3.647
6.083,4.24
3.6823,2.952
3.5714,1.979
3.7986,3.677
7.7112,3.867
5.5683,3.092
3.1146,3.735
4.3333,3.859
4.2415,4.096
8.0499,4.956
3.5096,3.964
8.5677,5.00001
6.5533,5.00001
6.0876,4.838
10.5575,5.00001
6.0678,3.993
5.1377,3.607
5.738,4.976
4.0439,5.00001
12.7823,5.00001
5.5291,2.746
3.7404,2.477
5.5524,2.939
3.6058,2.579
5.2962,2.915
2.3958,1.75
5.5456,2.581
5.7794,2.724
4.0909,2.042
3.2222,1.865
2.2267,1.898
3.9375,2.17
4.3359,2.092
3.925,1.804
3.5349,1.936
3.25,2.142
2.7098,1.738
3.3542,1.781
3.5341,1.821
1.9219,1.651
4.21,1.679
2.9154,1.692
2.369,1.734
3.7813,2.32
3.1287,1.98
4.2344,1.625
2.3071,1.464
4.0417,1.706
2.7012,1.721
4.0052,1.964
3.3438,1.736
3.3326,1.676
2.9194,1.62
3.4625,1.739
3.6845,1.758
2.5139,1.9
4.0625,1.713
2.5211,1.629
3.0,1.564
2.8125,1.556
2.987,1.769
2.1667,1.5
2.4932,1.677
2.6591,1.838
2.3984,1.522
2.286,1.693
3.4227,1.438
3.2121,1.539
2.1793,1.857
1.9355,1.663
2.07,1.545
4.3812,2.282
5.2723,2.183
3.0377,1.868
4.1213,2.521
2.712,1.438
2.2788,1.529
3.7437,2.417
2.7708,1.482
4.0469,1.966
2.1687,1.57
2.5213,1.497
2.48,1.389
2.8194,1.65
2.0476,1.813
4.6528,2.444
3.5893,2.125
4.825,2.058
4.5766,1.858
4.2891,2.148
2.975,2.445
3.0919,1.854
3.5638,1.705
5.2083,2.209
5.2049,2.408
2.2843,1.838
3.1806,2.042
4.5089,2.211
5.5051,2.235
3.3389,1.871
2.8889,1.531
2.6111,1.688
0.8907,1.542
2.7679,1.788
2.2167,1.767
3.133,1.56
3.1306,2.14
3.6667,2.109
2.8667,2.178
2.7466,2.089
3.015,1.563
3.1691,1.413
3.4375,1.7
2.625,1.643
3.7184,2.773
3.5673,2.707
2.7685,2.045
2.1071,2.089
2.9392,2.303
3.0521,2.766
4.4094,3.526
3.6181,4.956
3.1445,4.383
12.8763,5.00001
2.7348,2.091
3.8393,2.382
3.575,2.306
5.296,5.00001
3.0461,2.643
2.9417,2.542
3.5172,2.655
2.3789,2.667
12.9591,5.00001
3.2333,4.364
3.5806,3.919
2.0672,2.833
8.4389,5.00001
6.9391,5.00001
5.8659,4.333
8.0073,5.00001
7.2692,4.987
4.15,3.935
4.0833,4.344
3.2462,4.357
2.3974,4.107
2.2148,4.383
3.0642,3.429
8.2335,4.302
4.0833,5.00001
6.0352,5.00001
6.6739,5.00001
4.0965,5.00001
3.6974,5.00001
3.358,3.645
2.976,4.051
3.0179,5.00001
2.8036,2.25
2.6458,3.722
3.9044,4.364
2.325,2.5
1.845,2.375
4.3571,4.688
1.8209,5.00001
1.5429,3.25
2.5434,2.321
1.51,1.875
1.3157,3.333
1.6903,3.5
1.7306,4.5
1.9354,3.4
1.6112,2.625
1.5328,2.5
1.705,3.5
1.625,2.375
2.0888,2.375
1.4005,1.938
1.6331,1.625
2.1403,2.0
2.1866,2.5
1.625,0.675
1.8214,2.111
1.8977,1.0
1.8576,1.938
2.0341,2.5
2.5556,1.75
1.7325,2.219
2.0557,2.25
1.5284,2.0
1.8277,1.375
2.2311,2.063
1.7083,1.667
1.8156,2.188
1.2412,2.167
1.7641,2.5
1.9297,2.033
1.7514,1.875
2.2612,2.304
2.7054,1.625
2.3317,1.725
3.0357,1.75
1.9835,2.25
1.9766,1.125
2.0467,1.583
2.0132,1.984
1.8056,2.625
1.9063,2.616
2.1927,2.533
1.4497,2.056
2.0307,2.267
2.1524,1.875
2.0,2.406
1.5195,2.182
1.676,2.088
2.0044,2.125
1.879,2.188
3.6953,2.0
1.4375,1.65
1.9911,2.2
2.3568,2.047
2.2,2.1
3.1078,3.467
3.2946,3.216
10.3661,5.00001
2.8021,2.806
3.8472,3.957
3.8141,3.42
2.5982,3.158
4.5833,3.339
3.2824,3.048
3.125,3.804
3.5083,5.00001
3.2426,4.429
2.2422,2.545
1.7542,2.875
2.4196,3.581
2.7543,2.2
3.37,3.303
4.1429,3.803
1.8771,2.475
2.1766,2.056
2.8971,2.511
2.7038,2.271
1.525,2.1
1.8495,2.125
1.5685,2.25
2.3846,2.583
2.4,1.739
1.9286,1.375
11.615,5.00001
8.5136,5.00001
4.1717,5.00001
6.5195,5.00001
7.1134,4.167
8.5842,5.00001
2.5588,5.00001
15.0001,5.00001
9.3092,5.00001
8.944,5.00001
4.3214,5.00001
2.9643,3.553
1.9937,3.671
3.9783,3.741
3.2149,3.0
2.8942,5.00001
3.3864,3.979
5.7524,3.936
6.0338,4.237
3.6579,3.186
4.0721,3.5
6.4459,4.216
5.7778,4.127
2.978,3.068
4.2019,3.521
5.4122,3.975
4.5781,3.605
4.0602,3.24
4.7132,3.046
3.0958,2.109
2.3421,2.0
2.7875,2.173
4.1667,3.448
3.9674,2.688
2.3333,1.965
3.7847,2.523
3.6434,2.788
3.8448,2.414
4.625,2.308
2.9709,2.25
2.3816,1.667
2.4375,2.033
3.5039,1.875
2.3913,1.988
2.0214,1.705
2.625,1.875
1.7016,1.6
2.5521,1.575
2.7179,1.843
2.9423,2.0
2.6178,2.031
3.2386,1.85
1.87,1.708
3.1607,1.82
2.4429,2.288
2.875,2.135
2.7366,1.691
2.4677,2.192
1.9722,1.563
3.1944,1.438
4.9844,1.875
4.025,1.375
2.6442,1.361
2.6923,1.5
2.6051,1.555
3.5603,2.1
3.75,2.417
2.1108,2.0
2.6136,1.692
2.6336,1.743
2.935,1.894
1.7945,1.667
2.5428,1.678
3.1864,1.898
1.9209,1.792
2.4038,1.817
2.7625,2.321
1.9028,2.179
2.0,1.75
1.5491,2.25
1.6136,1.375
2.2545,1.925
2.3942,1.333
1.875,1.5
1.8173,1.542
1.9704,1.521
2.3409,1.155
2.4375,1.14
1.9937,1.396
2.2708,1.596
2.2907,1.339
1.9495,1.732
2.5343,1.382
2.2222,1.26
4.239,2.13
2.6806,1.53
1.6118,1.385
2.4632,1.442
1.9881,1.592
2.0133,1.458
1.7463,1.583
2.1333,1.602
2.4135,1.672
1.7292,1.917
2.3859,1.531
1.9375,1.688
1.8781,1.475
2.1696,1.708
3.1146,1.425
1.3125,1.458
3.3977,1.538
2.6226,1.488
3.3785,1.849
1.9706,1.442
4.875,2.004
4.975,1.667
4.7853,1.531
4.9231,2.309
2.9167,1.293
1.9038,1.395
3.0241,1.663
3.375,1.696
2.5132,1.631
2.375,1.75
3.1442,1.621
2.5523,1.565
2.2348,1.466
2.9939,1.355
2.3281,1.519
3.2031,1.446
3.2279,1.585
3.375,1.475
2.6842,1.56
3.4952,1.5
3.5769,1.357
3.875,1.485
2.6083,1.486
1.9762,1.375
1.1868,0.938
2.2961,1.125
2.1136,1.118
2.4886,1.375
1.6667,1.336
2.0885,1.428
3.2125,1.25
2.1029,1.094
2.3611,1.568
10.2264,1.125
1.0714,1.375
2.095,1.091
2.2344,1.531
3.1654,1.55
1.6122,1.571
1.3846,1.292
2.52,1.319
1.9271,1.364
2.121,1.44
1.9615,1.417
1.9205,1.219
1.7054,1.172
2.02,1.472
2.625,1.5
2.7708,1.279
2.1058,1.243
2.29,1.218
2.1806,1.349
1.9688,1.5
2.1071,1.367
3.2639,1.426
2.07,1.363
3.7619,1.276
2.3716,1.228
1.8224,1.438
2.181,1.472
1.6888,1.25
1.0333,1.354
2.1862,1.353
2.2454,1.65
2.8,1.484
1.6319,1.516
2.1923,1.55
1.9402,1.393
2.5455,1.143
1.4189,1.417
1.2,1.156
1.5163,1.15
1.9405,1.525
2.2788,1.396
1.8125,1.396
2.6573,1.418
2.5268,1.411
2.2083,1.463
2.2656,1.45
1.925,1.352
2.75,1.46
2.3472,1.352
2.7266,1.408
1.4115,1.406
2.6875,1.297
2.3575,1.448
2.3944,1.307
1.625,1.75
3.7543,1.266
7.5752,0.675
1.3615,1.333
2.5313,2.25
0.8288,1.813
1.0769,1.125
1.1979,3.5
1.0227,0.875
1.7395,1.625
0.6775,3.5
0.8131,2.75
5.3081,2.875
4.0972,5.00001
2.462,1.625
1.7763,3.125
1.4886,1.75
1.8625,1.313
1.8438,1.859
2.2607,1.656
2.5227,1.875
2.345,2.25
1.5854,0.875
2.3438,2.133
1.5885,1.542
2.3438,1.521
2.1135,1.525
1.9818,2.083
2.3981,1.833
1.9233,2.071
2.4632,2.167
2.2552,2.659
2.3636,1.9
2.0173,1.775
1.1642,4.0
1.7199,1.75
1.1346,1.375
1.3241,1.125
1.494,1.875
1.4904,2.75
1.7238,1.1
2.7634,1.375
0.9563,2.75
1.6184,2.25
1.1122,1.875
1.2254,1.625
1.7866,3.25
1.5727,2.25
1.4615,2.75
1.6355,1.625
1.4413,1.589
1.3,1.625
1.4801,2.125
1.3169,1.125
1.7038,1.181
1.8304,2.25
1.2012,2.75
8.8062,5.00001
15.0001,5.00001
15.0001,5.00001
15.0001,5.00001
7.4574,5.00001
3.4812,4.328
1.6806,3.167
2.5386,2.906
2.0185,1.417
1.6406,3.0
2.3567,2.531
1.925,3.0
2.4348,2.306
1.8238,2.375
2.3375,2.823
3.425,2.817
2.2364,3.056
2.6218,3.509
2.2653,4.45
11.2185,5.00001
0.8804,4.5
5.7393,5.00001
3.5909,4.045
15.0001,5.00001
2.3105,1.667
1.6987,4.125
2.2708,1.75
2.3674,5.00001
2.2094,0.75
1.9038,3.25
1.7365,1.125
1.8829,3.0
1.6953,1.5
1.5553,0.7
1.5954,1.875
2.1637,3.5
1.468,1.375
1.9309,2.333
2.0332,2.7
1.8214,4.75
1.7896,3.222
2.8202,5.00001
1.6725,1.875
2.0547,4.1
2.1435,3.289
2.0278,3.6
1.9949,3.8
3.5517,2.915
4.125,4.368
4.5918,3.37
8.3617,4.338
3.375,2.578
2.5284,2.263
2.1736,1.713
1.5882,3.273
1.9923,2.5
2.5313,3.058
3.1406,4.176
1.9152,1.156
1.721,2.143
2.2937,3.5
2.1414,1.577
2.2684,1.938
1.3867,1.938
1.5972,1.688
1.9323,1.611
2.096,1.875
1.847,2.5
2.3864,3.5
2.053,2.292
4.6838,4.79
4.89,5.00001
4.1328,5.00001
5.8632,4.5
10.586,5.00001
15.0001,5.00001
6.2223,5.00001
4.1618,5.00001
5.5871,5.00001
3.2645,1.75
3.1765,2.25
2.9621,1.75
3.6111,4.5
3.3594,2.875
4.0179,3.5
3.5719,5.00001
2.3375,3.552
4.7019,4.111
4.3667,4.056
3.4265,4.569
4.25,4.869
5.24,4.864
3.201,2.875
3.1677,4.534
3.4286,4.743
3.3989,4.85
3.3725,3.75
3.5573,5.00001
3.1766,2.25
2.4722,5.00001
7.1669,5.00001
3.9167,3.216
3.5481,3.96
3.7167,3.273
3.2411,2.5
3.7167,3.85
5.3819,4.409
2.6781,3.288
3.2279,4.0
3.25,3.55
2.9605,5.00001
4.5192,4.46
5.5596,5.00001
3.1475,3.625
2.7824,4.5
2.8233,3.1
3.5556,5.0
3.0862,3.453
3.825,2.785
4.005,2.75
2.9883,2.961
5.0858,4.7
4.0583,4.443
3.625,4.409
4.0217,5.00001
3.3824,3.226
4.0625,2.952
3.2813,2.436
2.7917,2.42
3.3333,2.547
3.0833,3.381
3.0707,4.179
5.7509,4.741
4.2404,3.51
4.4191,3.341
4.8958,3.336
3.238,2.875
3.0956,5.00001
2.5806,2.341
2.0984,1.58
2.8793,2.021
2.5658,2.52
2.8841,2.908
3.1944,2.135
2.2725,1.406
3.6435,1.958
2.6654,2.594
2.532,1.727
2.2554,1.65
2.3526,1.563
2.913,1.925
2.0706,2.685
3.6373,4.2
2.7409,1.671
2.5955,1.397
2.2254,1.271
1.7014,1.232
1.8685,1.507
3.0856,1.516
2.1711,1.792
2.3214,1.394
3.5161,1.57
2.3687,1.468
2.1078,1.335
3.0694,1.222
2.0538,1.258
2.4635,1.694
1.9,1.109
2.5625,1.38
2.6,1.714
1.6581,1.188
1.9408,1.346
1.975,1.381
2.5927,1.615
1.7377,1.839
2.628,2.511
1.8333,1.511
2.0259,1.688
2.8654,1.768
2.1046,1.14
1.9018,1.375
3.0132,2.232
2.8971,1.278
3.1731,1.215
2.6098,1.271
2.0304,1.334
2.0042,1.142
1.8783,1.182
2.1979,1.257
1.6429,1.25
4.2218,1.81
3.5357,1.569
1.89,1.24
2.2273,1.233
3.25,1.347
1.9928,1.254
2.1324,1.438
1.8316,1.135
2.2368,1.2
1.6452,1.259
2.0879,1.207
3.3636,1.409
2.4444,1.341
2.5156,1.366
3.1442,1.303
3.4306,1.302
1.3444,1.25
1.7159,1.897
3.9732,1.884
2.6154,1.932
1.5565,1.525
2.1696,1.534
2.0817,1.325
1.8571,1.438
2.4359,1.237
1.7225,1.8
2.4297,1.625
1.2786,1.219
1.9336,1.906
2.1162,2.292
2.3536,5.0
2.4048,2.083
2.0658,2.146
0.8351,1.5
1.9531,2.278
2.5833,2.346
1.7109,1.75
2.006,1.5
1.767,1.703
2.0405,1.43
1.78,1.625
2.1518,1.528
2.1542,1.281
2.1471,1.25
1.9167,1.364
2.0673,1.516
1.2875,1.792
1.0219,2.583
2.0848,1.352
0.7473,1.688
2.135,1.196
2.025,1.355
2.8295,1.322
2.45,1.114
1.4712,1.058
2.4519,0.981
1.2434,0.984
2.1571,1.479
2.7125,1.5
1.23,1.384
1.8564,1.875
2.1173,1.566
1.3187,1.271
2.2981,1.121
1.85,1.168
2.087,1.413
1.631,1.375
1.5781,1.193
0.4999,5.00001
1.7546,1.75
1.7115,1.25
1.6089,1.625
1.2969,1.602
1.4167,2.0
2.1806,1.8
1.6037,2.75
1.8539,1.475
1.7976,1.646
2.2232,1.625
1.875,1.273
1.9375,0.388
0.9234,1.875
0.844,3.5
1.2989,2.25
2.1944,1.583
1.8333,3.125
1.2096,1.0
2.1905,1.24
1.6302,1.307
1.5652,1.231
2.131,1.365
1.8382,1.264
2.1667,1.177
1.3134,0.962
2.0703,1.148
1.5603,1.096
2.2356,1.195
1.913,1.143
2.1957,1.008
1.2396,0.903
2.3304,1.199
1.8485,0.906
2.375,1.075
1.8929,0.992
2.1466,1.008
1.7813,1.275
1.0898,0.934
1.2857,0.993
1.3287,1.072
1.7425,1.005
1.4464,1.102
1.4653,1.188
1.5089,1.158
1.9074,0.996
1.4524,1.268
2.1776,1.183
2.319,0.972
1.8652,1.161
1.2206,1.292
1.4327,1.141
2.0817,1.133
2.148,1.038
1.7052,1.074
1.75,0.958
1.8641,1.082
1.6221,1.042
1.7237,1.058
1.6382,1.05
1.5781,1.029
1.303,0.904
1.4792,0.958
1.2056,0.875
0.9463,0.95
2.2813,1.013
1.7132,1.082
1.875,0.986
1.6731,0.882
1.5556,0.985
2.1793,1.079
0.8941,0.919
1.9208,1.034
1.852,1.015
1.3403,1.108
1.8917,1.069
1.8242,0.95
1.6901,1.035
1.9531,1.0
1.4886,1.0
1.8086,0.971
1.8824,1.625
2.1382,1.563
1.1667,1.438
1.9152,1.223
1.2446,1.038
1.1563,1.188
1.6699,1.08
1.7961,1.117
1.7386,1.094
1.6667,1.169
1.6955,1.152
2.0417,1.171
1.6851,1.088
2.5263,1.21
1.8214,1.232
3.0759,1.237
2.3942,1.232
1.6505,1.25
1.6875,1.16
2.5885,1.362
2.0625,1.344
1.7143,1.32
2.3403,1.141
1.4639,1.125
1.6036,1.375
1.0539,1.425
1.8656,1.229
1.2065,1.036
1.2175,1.313
2.3309,1.266
2.125,1.188
2.0938,1.192
1.2778,1.125
1.432,1.24
2.1607,0.961
2.1354,1.058
1.2347,1.117
2.7727,1.286
1.1806,1.346
1.5179,1.161
2.0809,1.096
2.0958,1.164
3.05,1.116
1.6892,1.291
2.0,1.28
1.933,1.2
2.1116,1.225
1.9792,1.164
1.6559,1.014
2.0915,1.266
2.2339,1.048
1.7083,1.0
1.5846,1.148
1.8317,0.965
1.9853,1.011
1.275,0.983
2.0542,1.034
2.5848,1.019
